-- phpMyAdmin SQL Dump
-- version 5.1.1
-- https://www.phpmyadmin.net/
--
-- Host: 127.0.0.1
-- Generation Time: Apr 20, 2022 at 03:40 AM
-- Server version: 10.4.22-MariaDB
-- PHP Version: 8.1.2

SET SQL_MODE = "NO_AUTO_VALUE_ON_ZERO";
START TRANSACTION;
SET time_zone = "+00:00";


/*!40101 SET @OLD_CHARACTER_SET_CLIENT=@@CHARACTER_SET_CLIENT */;
/*!40101 SET @OLD_CHARACTER_SET_RESULTS=@@CHARACTER_SET_RESULTS */;
/*!40101 SET @OLD_COLLATION_CONNECTION=@@COLLATION_CONNECTION */;
/*!40101 SET NAMES utf8mb4 */;

--
-- Database: `warehouse_management`
--

-- --------------------------------------------------------

--
-- Table structure for table `customer`
--

CREATE TABLE `customer` (
  `Customer` varchar(30) NOT NULL,
  `Cust_pass` varchar(30) DEFAULT NULL,
  `Address` varchar(255) DEFAULT NULL,
  `Phone` varchar(15) DEFAULT NULL
) ENGINE=InnoDB DEFAULT CHARSET=utf8mb4;

--
-- Dumping data for table `customer`
--

INSERT INTO `customer` (`Customer`, `Cust_pass`, `Address`, `Phone`) VALUES
('A.C. Industrial', 'acindustrial01', NULL, NULL),
('ATN', 'atn01', NULL, NULL),
('Axalta', 'axalta01', NULL, NULL),
('Brand Castle', 'brandcastle01', NULL, NULL),
('Darko', 'darko01', NULL, NULL),
('JB Weld', 'jbweld01', NULL, NULL),
('Noco', 'noco01', NULL, NULL),
('Otis', 'otis01', NULL, NULL),
('Paint Cle', 'paintcle01', NULL, NULL),
('Portage', 'portage01', NULL, NULL),
('Radiant Electric', 'radiantelectric01', NULL, NULL),
('Ranpak Corp', 'ranpak01', NULL, NULL),
('Rochling', 'rochling01', NULL, NULL),
('Universal Packaging', 'universalpack01', NULL, NULL);

-- --------------------------------------------------------

--
-- Table structure for table `emp_information`
--

CREATE TABLE `emp_information` (
  `Emp_ID` varchar(20) NOT NULL,
  `Emp_pass` varchar(30) NOT NULL,
  `Emp_name` varchar(70) NOT NULL,
  `emp_per_level` int(11) NOT NULL,
  `Email` varchar(255) NOT NULL,
  `Phone_num` varchar(15) NOT NULL
) ENGINE=InnoDB DEFAULT CHARSET=utf8mb4;

--
-- Dumping data for table `emp_information`
--

INSERT INTO `emp_information` (`Emp_ID`, `Emp_pass`, `Emp_name`, `emp_per_level`, `Email`, `Phone_num`) VALUES
('1597896', 'CandorTrans01', 'Gino Chiudioni', 11, 'gtchiudi20@gmail.com', '440-665-5140');

-- --------------------------------------------------------

--
-- Table structure for table `location`
--

CREATE TABLE `location` (
  `Location` varchar(20) NOT NULL,
  `SKU` varchar(40) NOT NULL,
  `Pallet_count` int(11) NOT NULL,
  `Loc_unit_count` int(11) NOT NULL,
  `Warehouse_ID` varchar(10) NOT NULL,
  `Location_type` varchar(20) NOT NULL
) ENGINE=InnoDB DEFAULT CHARSET=utf8mb4;

--
-- Dumping data for table `location`
--

INSERT INTO `location` (`Location`, `SKU`, `Pallet_count`, `Loc_unit_count`, `Warehouse_ID`, `Location_type`) VALUES
('01-01-2-3', 'CAN1WR', 2, 54720, '001', 'Racking'),
('01-01-3-1', '5WH', 2, 6720, '001', 'Racking'),
('01-01-3-2', '5WH', 2, 6720, '001', 'Racking'),
('01-01-3-3', '5WR', 2, 6720, '001', 'Racking'),
('01-02-2-1', '1KH', 2, 54720, '001', 'Racking'),
('01-02-2-2', '1KR', 2, 54720, '001', 'Racking'),
('01-02-2-3', '1KH', 1, 27360, '001', 'Racking'),
('01-02-3-1', '5WH', 2, 6720, '001', 'Racking'),
('01-02-3-2', '5WR', 2, 6720, '001', 'Racking'),
('02-01-1-1', '1KH', 1, 27360, '001', 'Racking'),
('02-01-2-1', '1WR', 1, 27360, '001', 'Racking'),
('02-01-3-1', '5WR', 2, 6720, '001', 'Racking'),
('02-01-3-2', '5WH', 2, 6720, '001', 'Racking'),
('02-02-2-1', '1KR', 2, 54720, '001', 'Racking'),
('02-02-3-1', '5WH', 2, 6720, '001', 'Racking'),
('02-02-3-2', '1WR', 1, 27360, '001', 'Racking'),
('02-03-1-1', 'SA-0510', 2, 50, '001', 'Racking'),
('02-03-1-2', 'SA-0510', 2, 46, '001', 'Racking'),
('02-03-2-1', '1KH', 3, 54720, '001', 'Racking'),
('02-03-2-2', '1WR', 2, 54720, '001', 'Racking'),
('02-03-3-1', '5WH', 1, 3360, '001', 'Racking'),
('02-03-3-2', '5WH', 2, 3360, '001', 'Racking'),
('02-04-1-1', 'SA-0510', 2, 50, '001', 'Racking'),
('02-04-1-2', 'SA-0510', 2, 45, '001', 'Racking'),
('02-04-2-1', '1KH', 1, 3420, '001', 'Racking'),
('02-04-2-2', '1KR', 2, 54720, '001', 'Racking'),
('02-04-3-1', '1WR', 1, 27360, '001', 'Racking'),
('02-04-3-2', '5WH', 2, 3360, '001', 'Racking'),
('02-05-1-1', 'SA-0510', 1, 25, '001', 'Racking'),
('02-05-2-1', '1WH', 1, 26220, '001', 'Racking'),
('02-05-2-2', 'CAN1WH', 2, 54720, '001', 'Racking'),
('02-05-3-1', '1WR', 1, 27360, '001', 'Racking'),
('02-05-3-2', '5WR', 2, 6720, '001', 'Racking'),
('02-06-2-1', 'GER1KH', 2, 27360, '001', 'Racking'),
('02-06-2-2', '1WH', 2, 54720, '001', 'Racking'),
('02-06-3-1', '5WH', 2, 3360, '001', 'Racking'),
('02-06-3-2', '5WH', 3, 3360, '001', 'Racking'),
('02-07-2-1', 'GER1WH', 2, 27360, '001', 'Racking'),
('02-07-3-1', '5WH', 2, 3360, '001', 'Racking'),
('02-07-3-2', '5WR', 1, 3360, '001', 'Racking'),
('03-01-2-1', 'KP35B', 2, 608, '001', 'Racking'),
('03-01-2-2', '1600x12', 3, 18, '001', 'Racking'),
('03-01-3-1', '1WH', 3, 27360, '001', 'Racking'),
('03-01-3-2', '1WR', 1, 27360, '001', 'Racking'),
('03-01-4-2', 'CAN1WH', 2, 27360, '001', 'Racking'),
('03-02-1-1', 'CL48-BL', 1, 792, '001', 'Racking'),
('03-02-1-2', 'JG1908-826', 1, 960, '001', 'Racking'),
('03-02-2-1', 'KP35G', 1, 640, '001', 'Racking'),
('03-02-2-2', 'KP35L', 1, 320, '001', 'Racking'),
('03-02-3-1', '1WR', 3, 27360, '001', 'Racking'),
('03-02-3-2', 'KP35D', 1, 576, '001', 'Racking'),
('03-02-4-2', '5WH', 2, 3360, '001', 'Racking'),
('04-01-1-1', '1200X3', 1, 59, '001', 'Racking'),
('04-02-1-1', '1100', 1, 910, '001', 'Racking'),
('04-02-1-3', '7000X3', 1, 1440, '001', 'Racking'),
('04-02-2-1', '1100', 1, 552, '001', 'Racking'),
('04-02-2-2', 'KP35GG', 1, 928, '001', 'Racking'),
('04-02-2-3', '7500X3', 1, 624, '001', 'Racking'),
('04-02-3-2', '8000x12', 1, 168, '001', 'Racking'),
('04-02-4-2', '1WH', 2, 27360, '001', 'Racking'),
('04-02-4-3', '1KH', 1, 27360, '001', 'Racking'),
('04-03-1-1', '200X12', 2, 13, '001', 'Racking'),
('04-03-1-2', '1250 x12', 1, 146, '001', 'Racking'),
('04-03-1-3', 'CL36-BL', 2, 1951, '001', 'Racking'),
('04-03-2-2', '7800x3', 1, 384, '001', 'Racking'),
('04-03-2-3', 'AB10/20S', 2, 66, '001', 'Racking'),
('04-03-3-1', '7000X3', 2, 156, '001', 'Racking'),
('04-03-3-2', '8000x12', 1, 10, '001', 'Racking'),
('04-03-3-3', 'JG6155-23', 2, 520, '001', 'Racking'),
('04-03-4-1', 'GER1WH', 2, 27360, '001', 'Racking'),
('04-03-4-2', '1MR', 1, 25460, '001', 'Racking'),
('04-03-4-3', '5WH', 2, 6720, '001', 'Racking'),
('04-04-1-1', 'PC-1074', 1, 22, '001', 'Racking'),
('04-04-1-2', 'PC-1013', 1, 1, '001', 'Racking'),
('04-04-1-3', '300X12', 1, 162, '001', 'Racking'),
('04-04-2-1', 'AB5/10S', 2, 240, '001', 'Racking'),
('04-04-2-2', '7250X3', 1, 2400, '001', 'Racking'),
('04-04-2-3', '7600X3', 1, 48, '001', 'Racking'),
('04-04-3-2', '7250X3', 2, 96, '001', 'Racking'),
('04-04-3-3', '7500X3', 1, 1008, '001', 'Racking'),
('04-04-4-3', 'CAN1KH', 2, 27360, '001', 'Racking'),
('04-05-1-1', '200X3', 1, 1632, '001', 'Racking'),
('04-05-1-2', 'AB8-S', 1, 378, '001', 'Racking'),
('04-05-1-3', 'AB8-S', 1, 27, '001', 'Racking'),
('04-05-2-1', '1000X12', 2, 36, '001', 'Racking'),
('04-05-2-3', '8100', 1, 264, '001', 'Racking'),
('04-05-3-1', 'AB2-S', 2, 33, '001', 'Racking'),
('04-05-3-2', '5KR', 2, 3360, '001', 'Racking'),
('04-05-3-3', '200X3', 1, 144, '001', 'Racking'),
('04-06-1-1', '1600x12', 1, 324, '001', 'Racking'),
('04-06-1-2', 'AB2-S', 1, 900, '001', 'Racking'),
('04-06-1-3', 'AB8-S', 2, 360, '001', 'Racking'),
('04-06-2-1', '8800', 1, 264, '001', 'Racking'),
('04-06-2-2', '9100', 1, 9, '001', 'Racking'),
('04-06-3-2', '100X3', 2, 384, '001', 'Racking'),
('04-06-3-3', 'CL36-BL', 1, 648, '001', 'Racking'),
('04-06-4-1', '5WH', 2, 6720, '001', 'Racking'),
('04-06-4-2', '5WH', 2, 6720, '001', 'Racking'),
('04-06-4-3', '5WH', 2, 6720, '001', 'Racking'),
('04-07-1-1', 'AB2-S', 1, 900, '001', 'Racking'),
('04-07-1-2', 'AB2-S', 1, 900, '001', 'Racking'),
('04-07-1-3', 'AB2-S', 1, 900, '001', 'Racking'),
('04-07-2-1', '200X12', 1, 1, '001', 'Racking'),
('04-07-2-2', 'JG1908-805', 1, 760, '001', 'Racking'),
('04-07-2-3', '100x12', 1, 181, '001', 'Racking'),
('04-07-3-1', 'KP24D', 1, 1824, '001', 'Racking'),
('04-07-3-2', 'JG6155-21', 1, 500, '001', 'Racking'),
('04-07-3-3', '7200X12', 2, 84, '001', 'Racking'),
('04-07-4-1', '5WH', 2, 6720, '001', 'Racking'),
('04-07-4-2', '5WH', 2, 6720, '001', 'Racking'),
('04-07-4-3', '5WR', 2, 6720, '001', 'Racking'),
('04-08-1-1', 'AB2-S', 1, 900, '001', 'Racking'),
('04-08-1-2', 'AB2-S', 1, 900, '001', 'Racking'),
('04-08-1-3', 'AB2-S', 1, 900, '001', 'Racking'),
('04-08-2-1', 'AB2-S', 1, 12, '001', 'Racking'),
('04-08-2-2', '8000x12', 1, 1, '001', 'Racking'),
('04-08-2-3', '8100X3', 2, 288, '001', 'Racking'),
('04-08-3-1', 'KP35BB', 1, 864, '001', 'Racking'),
('04-08-3-2', 'JG6155-16', 1, 500, '001', 'Racking'),
('04-08-3-3', 'JG6155-17', 1, 500, '001', 'Racking'),
('04-08-4-2', '1KR', 1, 27360, '001', 'Racking'),
('04-08-4-3', '1WH', 2, 54720, '001', 'Racking'),
('04-09-1-1', 'KA-0573', 1, 2, '001', 'Racking'),
('04-09-1-2', 'KA-0573', 1, 2, '001', 'Racking'),
('04-09-2-1', '225x12', 1, 84, '001', 'Racking'),
('04-09-2-2', '7900 x3', 1, 624, '001', 'Racking'),
('04-09-3-3', 'KP35DB', 1, 928, '001', 'Racking'),
('04-10-1-1', '1000X12', 1, 398, '001', 'Racking'),
('04-10-1-2', 'AB8-S', 1, 378, '001', 'Racking'),
('04-10-1-3', '7400 x12', 1, 396, '001', 'Racking'),
('04-10-2-1', 'KP35GW', 1, 928, '001', 'Racking'),
('04-10-2-2', 'KP35DW', 1, 928, '001', 'Racking'),
('04-10-2-3', 'KP35BG', 1, 928, '001', 'Racking'),
('04-10-3-2', 'KP35BW', 1, 928, '001', 'Racking'),
('04-10-3-3', '100X3', 1, 1008, '001', 'Racking'),
('04-10-4-1', '5WH', 1, 3360, '001', 'Racking'),
('04-10-4-3', '1WH', 2, 54720, '001', 'Racking'),
('04-11-1-1', 'KA-0573', 1, 2, '001', 'Racking'),
('04-11-1-2', 'KA-0573', 1, 2, '001', 'Racking'),
('04-11-2-3', 'JG1908-813', 1, 1000, '001', 'Racking'),
('04-11-3-1', '7600X3', 1, 960, '001', 'Racking'),
('04-11-3-2', '200X3', 1, 624, '001', 'Racking'),
('04-11-3-3', '225x12', 1, 96, '001', 'Racking'),
('04-11-4-1', '1WR', 2, 54720, '001', 'Racking'),
('04-11-4-3', '5KH', 2, 6720, '001', 'Racking'),
('04-12-1-1', 'AB4/8', 1, 96, '001', 'Racking'),
('04-12-1-2', 'AB10-S', 1, 156, '001', 'Racking'),
('04-12-1-3', 'AB8-S', 1, 378, '001', 'Racking'),
('04-12-2-1', 'KP24B', 1, 1792, '001', 'Racking'),
('04-12-2-2', '700x12', 1, 108, '001', 'Racking'),
('04-12-2-3', '7400x3', 1, 240, '001', 'Racking'),
('04-12-3-1', 'JG6155-16', 2, 210, '001', 'Racking'),
('04-12-3-2', 'JG8035-7810', 2, 210, '001', 'Racking'),
('04-12-3-3', '7000X12', 1, 10, '001', 'Racking'),
('04-12-4-3', '5KR', 2, 6720, '001', 'Racking'),
('04-13-1-1', 'AB8-S', 1, 378, '001', 'Racking'),
('04-13-1-2', '700x12', 1, 600, '001', 'Racking'),
('04-13-2-1', 'JG8035-7821', 2, 210, '001', 'Racking'),
('04-13-2-2', '03-00301-1', 2, 405, '001', 'Racking'),
('04-13-2-3', 'JG6155-23', 2, 210, '001', 'Racking'),
('04-13-3-1', 'KP35DG', 1, 928, '001', 'Racking'),
('04-13-3-2', 'KP24L-3', 2, 2688, '001', 'Racking'),
('04-13-3-3', 'GBX55', 1, 144, '001', 'Racking'),
('04-13-4-2', '5WH', 2, 6720, '001', 'Racking'),
('04-13-4-3', '5WR', 2, 6720, '001', 'Racking'),
('04-14-2-1', '600', 2, 378, '001', 'Racking'),
('04-14-2-2', '620', 1, 264, '001', 'Racking'),
('04-14-3-1', 'KP35GB', 1, 896, '001', 'Racking'),
('04-14-3-2', 'KP35LB', 1, 928, '001', 'Racking'),
('04-14-3-3', 'Frames', 1, 1, '001', 'Racking'),
('04-14-4-1', 'FPSL2N STAND AND FRAME', 1, 1, '001', 'Racking'),
('04-14-4-2', '1WH', 3, 54720, '001', 'Racking'),
('04-14-4-3', '1WR', 2, 54720, '001', 'Racking'),
('04-15-1-1', 'AB10-S', 1, 248, '001', 'Racking'),
('04-15-1-2', '8000x12', 2, 372, '001', 'Racking'),
('04-15-2-1', '630', 1, 240, '001', 'Racking'),
('04-15-2-2', '610', 2, 288, '001', 'Racking'),
('04-15-3-1', 'Frames', 1, 1, '001', 'Racking'),
('04-15-3-3', 'DS-5174', 1, 1, '001', 'Racking'),
('04-15-4-1', '1WH', 2, 54720, '001', 'Racking'),
('04-15-4-2', '1WR', 2, 54720, '001', 'Racking'),
('04-15-4-3', '1WH', 2, 54720, '001', 'Racking'),
('04-16-1-1', '7000X3', 1, 864, '001', 'Racking'),
('04-16-1-3', '7800 x12', 1, 348, '001', 'Racking'),
('04-16-2-1', 'Frames', 1, 1, '001', 'Racking'),
('04-16-2-2', 'DS-0596', 2, 2, '001', 'Racking'),
('04-16-2-3', 'FP-0537', 1, 1, '001', 'Racking'),
('04-16-3-1', 'DS-5144', 1, 1, '001', 'Racking'),
('04-16-3-2', 'DS-5144', 1, 1, '001', 'Racking'),
('04-16-3-3', 'DS-5144', 1, 1, '001', 'Racking'),
('04-16-4-1', '1WR', 2, 54720, '001', 'Racking'),
('04-16-4-3', '1WR', 2, 54720, '001', 'Racking'),
('04-17-1-1', 'LITTLE DAVID', 1, 1, '001', 'Racking'),
('05-01-1-1', '11000988', 1, 25, '001', 'Racking'),
('05-01-1-2', '11000988', 1, 25, '001', 'Racking'),
('05-01-1-3', '11000988', 1, 25, '001', 'Racking'),
('05-01-1-4', '11000988', 1, 25, '001', 'Racking'),
('05-01-2-2', 'AB5/10S', 1, 756, '001', 'Racking'),
('05-01-2-3', 'AB5/10S', 2, 852, '001', 'Racking'),
('05-01-2-4', 'AB5/10S', 2, 864, '001', 'Racking'),
('05-02-1-1', '11000988', 1, 25, '001', 'Racking'),
('05-02-1-2', 'WR2448.25 5.55.25', 1, 5, '001', 'Racking'),
('05-02-1-3', '11000988', 1, 25, '001', 'Racking'),
('05-02-1-4', 'WR2448.25 5.55.25', 1, 5, '001', 'Racking'),
('05-02-2-2', '9100 x24', 1, 3024, '001', 'Racking'),
('05-02-2-3', '9100 x24', 1, 1728, '001', 'Racking'),
('05-03-1-3', '1000X12', 1, 504, '001', 'Racking'),
('05-03-2-2', 'AB3/6-S', 1, 1000, '001', 'Racking'),
('05-03-2-3', 'AB3/6-S', 1, 660, '001', 'Racking'),
('05-03-2-4', 'AB3/6-S', 2, 1000, '001', 'Racking'),
('05-03-3-2', '153311W', 1, 80, '001', 'Racking'),
('05-03-3-4', '153311W', 1, 80, '001', 'Racking'),
('05-04-1-1', '125x12', 1, 238, '001', 'Racking'),
('05-04-1-4', 'WRAPPAKEX-BM', 1, 40, '001', 'Racking'),
('05-04-2-2', 'AB10/20S', 1, 119, '001', 'Racking'),
('05-04-2-4', 'AB10/20S', 1, 315, '001', 'Racking'),
('05-04-3-1', '153311W', 1, 80, '001', 'Racking'),
('05-04-3-2', '153311W', 1, 80, '001', 'Racking'),
('05-04-3-3', '153311W', 1, 80, '001', 'Racking'),
('05-04-3-4', '153311W', 1, 80, '001', 'Racking'),
('05-05-1-4', 'AB6/12S', 1, 96, '001', 'Racking'),
('05-05-2-3', 'AB3/6-S', 1, 1080, '001', 'Racking'),
('05-05-3-1', '200X12', 1, 576, '001', 'Racking'),
('05-05-3-2', '153311W', 1, 80, '001', 'Racking'),
('05-05-3-3', '200X12', 1, 576, '001', 'Racking'),
('05-05-3-4', '153311W', 1, 80, '001', 'Racking'),
('05-06-1-2', 'AB4/8', 1, 800, '001', 'Racking'),
('05-06-1-3', 'AB4/8', 1, 816, '001', 'Racking'),
('05-06-1-4', 'AB4/8', 1, 800, '001', 'Racking'),
('05-06-2-2', '153311W', 1, 80, '001', 'Racking'),
('05-06-2-3', '7000X12', 1, 216, '001', 'Racking'),
('05-06-2-4', '153311W', 1, 80, '001', 'Racking'),
('05-06-3-1', 'C00253360', 1, 1, '001', 'Racking'),
('05-06-3-2', '11000970', 1, 2, '001', 'Racking'),
('05-06-3-4', '11000970', 1, 2, '001', 'Racking'),
('05-07-1-1', 'Misc Machine', 1, 1, '001', 'Racking'),
('05-07-1-2', 'Ultra Pozz', 1, 27, '001', 'Racking'),
('05-07-1-3', 'Misc Machine', 1, 1, '001', 'Racking'),
('05-07-1-4', 'WR2448.25 5.55.25', 1, 2, '001', 'Racking'),
('05-07-2-1', 'JG1908-811', 1, 1000, '001', 'Racking'),
('05-07-2-2', 'AB5/10S', 1, 204, '001', 'Racking'),
('05-07-2-3', '7600X3', 1, 2304, '001', 'Racking'),
('05-07-2-4', '7000X12', 1, 576, '001', 'Racking'),
('05-07-3-1', '11000970', 1, 2, '001', 'Racking'),
('05-07-3-3', '11000970', 1, 2, '001', 'Racking'),
('05-08-2-1', '200X12', 2, 509, '001', 'Racking'),
('05-08-2-2', 'AB3/6-S', 1, 1300, '001', 'Racking'),
('05-08-2-3', '1500', 1, 492, '001', 'Racking'),
('05-08-3-1', '11000970', 1, 2, '001', 'Racking'),
('05-08-3-2', '11000970', 1, 1, '001', 'Racking'),
('05-08-3-3', '11000970', 1, 2, '001', 'Racking'),
('05-08-3-4', '11000970', 1, 1, '001', 'Racking'),
('05-09-1-1', '218020-K-008', 1, 13, '001', 'Racking'),
('05-09-1-2', '218020-K-005', 1, 25, '001', 'Racking'),
('05-09-1-3', '218020-K-008', 1, 13, '001', 'Racking'),
('05-09-1-4', '218020-K-008', 1, 13, '001', 'Racking'),
('05-09-2-1', '700x12', 1, 816, '001', 'Racking'),
('05-09-2-2', '400x12', 2, 132, '001', 'Racking'),
('05-09-2-3', '700x12', 1, 1080, '001', 'Racking'),
('05-09-2-4', '7000X12', 2, 588, '001', 'Racking'),
('05-09-3-1', '11000970', 1, 2, '001', 'Racking'),
('05-09-3-2', '11000970', 1, 2, '001', 'Racking'),
('05-09-3-3', '11000970', 1, 2, '001', 'Racking'),
('05-09-3-4', '11000970', 1, 2, '001', 'Racking'),
('05-10-1-1', '218248-C-056', 1, 14, '001', 'Racking'),
('05-10-1-2', '218020-K-008', 1, 13, '001', 'Racking'),
('05-10-1-3', '218020-K-002', 1, 16, '001', 'Racking'),
('05-10-1-4', '218020-K-002', 1, 16, '001', 'Racking'),
('05-10-2-1', '500', 1, 1464, '001', 'Racking'),
('05-10-2-2', '1000X12', 1, 72, '001', 'Racking'),
('05-10-2-3', '400x12', 1, 552, '001', 'Racking'),
('05-10-2-4', '125x12', 1, 424, '001', 'Racking'),
('05-10-3-1', '11000970', 1, 2, '001', 'Racking'),
('05-10-3-2', '11000970', 1, 2, '001', 'Racking'),
('05-10-3-3', '11000970', 1, 2, '001', 'Racking'),
('05-10-3-4', '11000970', 1, 2, '001', 'Racking'),
('05-11-1-2', 'Geamin4', 1, 11, '001', 'Racking'),
('05-11-1-3', 'Geamin4', 1, 21, '001', 'Racking'),
('05-11-1-4', 'Geamin4', 1, 21, '001', 'Racking'),
('05-11-2-1', 'KA-0573', 1, 4, '001', 'Racking'),
('05-11-2-2', 'KA-0573', 1, 4, '001', 'Racking'),
('05-11-2-4', 'KA-0573', 1, 4, '001', 'Racking'),
('05-11-3-1', '11000970', 1, 2, '001', 'Racking'),
('05-11-3-2', '11000970', 1, 2, '001', 'Racking'),
('05-11-3-3', '11000970', 1, 2, '001', 'Racking'),
('05-11-3-4', '11000970', 1, 2, '001', 'Racking'),
('05-12-1-1', '8100', 1, 672, '001', 'Racking'),
('05-12-1-2', '1200x12', 2, 250, '001', 'Racking'),
('05-12-1-3', '8100', 4, 5304, '001', 'Racking'),
('05-12-1-4', '1200x12', 2, 720, '001', 'Racking'),
('05-12-2-1', 'KA-0573', 1, 4, '001', 'Racking'),
('05-12-2-2', 'KA-0573', 1, 4, '001', 'Racking'),
('05-12-2-3', 'KA-0573', 1, 4, '001', 'Racking'),
('05-12-2-4', 'KA-0573', 1, 4, '001', 'Racking'),
('05-12-3-1', '11000970', 1, 2, '001', 'Racking'),
('05-12-3-2', '11000970', 1, 2, '001', 'Racking'),
('05-12-3-3', '11000970', 1, 2, '001', 'Racking'),
('05-12-3-4', '11000970', 1, 2, '001', 'Racking'),
('05-13-1-2', 'AB4/8-S', 1, 800, '001', 'Racking'),
('05-13-1-3', '7900 x3', 1, 197, '001', 'Racking'),
('05-13-1-4', 'AB4/8-S', 1, 800, '001', 'Racking'),
('05-13-2-2', 'KA-0573', 1, 4, '001', 'Racking'),
('05-13-2-3', 'AB8-S', 2, 18, '001', 'Racking'),
('05-13-2-4', 'AB8-S', 1, 345, '001', 'Racking'),
('05-13-3-1', '11000970', 1, 2, '001', 'Racking'),
('05-13-3-2', '11000970', 1, 2, '001', 'Racking'),
('05-13-3-3', '11000970', 1, 2, '001', 'Racking'),
('05-13-3-4', '11000970', 1, 2, '001', 'Racking'),
('05-14-1-1', 'AB4/8-S', 1, 800, '001', 'Racking'),
('05-14-1-2', '218020-K-008', 1, 13, '001', 'Racking'),
('05-14-1-3', '7200x3', 2, 2304, '001', 'Racking'),
('05-14-1-4', '218020-K-008', 1, 13, '001', 'Racking'),
('05-14-2-1', '11000970', 1, 2, '001', 'Racking'),
('05-14-2-2', '11000970', 1, 2, '001', 'Racking'),
('05-14-2-3', '11000970', 1, 2, '001', 'Racking'),
('05-14-2-4', '11000970', 1, 2, '001', 'Racking'),
('05-14-3-1', '11000970', 1, 2, '001', 'Racking'),
('05-14-3-2', '11000970', 1, 2, '001', 'Racking'),
('05-14-3-3', '11000970', 1, 2, '001', 'Racking'),
('05-14-3-4', '11000970', 1, 2, '001', 'Racking'),
('05-15-1-1', '225x12', 1, 504, '001', 'Racking'),
('05-15-1-2', '218020-K-008', 1, 13, '001', 'Racking'),
('05-15-1-3', '225x12', 1, 504, '001', 'Racking'),
('05-15-1-4', '218020-K-008', 1, 13, '001', 'Racking'),
('05-15-2-1', '11000970', 1, 2, '001', 'Racking'),
('05-15-2-2', '11000970', 1, 2, '001', 'Racking'),
('05-15-2-4', '11000970', 2, 4, '001', 'Racking'),
('05-15-3-1', '11000970', 1, 2, '001', 'Racking'),
('05-15-3-2', '11000970', 1, 2, '001', 'Racking'),
('05-15-3-3', '11000970', 1, 2, '001', 'Racking'),
('05-15-3-4', '11000970', 1, 2, '001', 'Racking'),
('05-16-1-1', 'Misc Machine', 1, 1, '001', 'Racking'),
('05-16-1-2', '7200X12', 1, 252, '001', 'Racking'),
('05-16-1-3', '0 3/4', 1, 24, '001', 'Racking'),
('05-16-1-4', '7200X12', 1, 576, '001', 'Racking'),
('05-16-2-1', '11000970', 1, 2, '001', 'Racking'),
('05-16-2-2', '11000970', 1, 2, '001', 'Racking'),
('05-16-2-3', '11000970', 1, 2, '001', 'Racking'),
('05-16-2-4', '11000970', 1, 2, '001', 'Racking'),
('05-16-3-2', '11000970', 1, 2, '001', 'Racking'),
('05-16-3-4', '11000970', 1, 2, '001', 'Racking'),
('05-17-1-1', '8000x12', 1, 648, '001', 'Racking'),
('05-17-1-2', '8000x12', 1, 648, '001', 'Racking'),
('05-17-1-3', '8000x12', 1, 648, '001', 'Racking'),
('05-17-1-4', '8000x12', 1, 648, '001', 'Racking'),
('05-17-2-1', '11000970', 1, 2, '001', 'Racking'),
('05-17-2-2', '11000970', 1, 2, '001', 'Racking'),
('05-17-2-3', '11000970', 1, 2, '001', 'Racking'),
('05-17-2-4', '11000970', 1, 2, '001', 'Racking'),
('05-17-3-1', '11000970', 1, 2, '001', 'Racking'),
('05-17-3-2', '11000970', 1, 2, '001', 'Racking'),
('05-17-3-3', '11000970', 1, 2, '001', 'Racking'),
('05-17-3-4', '11000970', 1, 2, '001', 'Racking'),
('05-18-1-1', '8000x12', 1, 648, '001', 'Racking'),
('05-18-1-3', '8000x12', 1, 648, '001', 'Racking'),
('05-18-2-1', '11000970', 1, 2, '001', 'Racking'),
('05-18-2-2', '11000970', 1, 2, '001', 'Racking'),
('05-18-2-3', '11000970', 1, 2, '001', 'Racking'),
('05-18-2-4', '11000970', 1, 2, '001', 'Racking'),
('05-18-3-1', '11000970', 1, 2, '001', 'Racking'),
('05-18-3-2', '11000970', 1, 2, '001', 'Racking'),
('05-18-3-3', '11000970', 1, 2, '001', 'Racking'),
('05-18-3-4', '11000970', 1, 2, '001', 'Racking'),
('05-19-2-1', 'GWR402B1', 2, 72, '001', 'Racking'),
('05-19-2-2', '11000970', 1, 2, '001', 'Racking'),
('05-19-2-3', 'GWR402B1', 1, 36, '001', 'Racking'),
('05-19-2-4', '11000970', 1, 2, '001', 'Racking'),
('05-19-3-1', '11000970', 1, 2, '001', 'Racking'),
('05-19-3-2', '11000970', 1, 2, '001', 'Racking'),
('05-19-3-3', '11000970', 1, 2, '001', 'Racking'),
('05-19-3-4', '11000970', 1, 2, '001', 'Racking'),
('05-20-1-1', 'AB4/8', 1, 282, '001', 'Racking'),
('05-20-1-2', '03-00327-1', 2, 216, '001', 'Racking'),
('05-20-1-3', '7600X3', 3, 285, '001', 'Racking'),
('05-20-1-4', '03-00327-1', 3, 216, '001', 'Racking'),
('05-20-2-1', '11000970', 1, 2, '001', 'Racking'),
('05-20-2-2', '11000970', 1, 2, '001', 'Racking'),
('05-20-2-3', '11000970', 1, 2, '001', 'Racking'),
('05-20-2-4', '11000970', 1, 2, '001', 'Racking'),
('05-21-1-1', 'GBC014', 1, 80, '001', 'Racking'),
('05-21-1-2', 'GBX75', 1, 84, '001', 'Racking'),
('05-21-1-4', 'GENIUS 2X2', 1, 84, '001', 'Racking'),
('05-21-2-1', '11000970', 1, 2, '001', 'Racking'),
('05-21-2-2', '11000970', 1, 2, '001', 'Racking'),
('05-21-2-3', '11000970', 1, 2, '001', 'Racking'),
('05-21-2-4', '11000970', 1, 2, '001', 'Racking'),
('05-21-3-1', '11000970', 1, 2, '001', 'Racking'),
('05-21-3-2', '11000970', 1, 2, '001', 'Racking'),
('05-21-3-3', '11000970', 1, 2, '001', 'Racking'),
('05-21-3-4', '11000970', 1, 2, '001', 'Racking'),
('05-22-1-2', 'GBX55', 1, 108, '001', 'Racking'),
('05-22-1-3', 'GBC015', 2, 62, '001', 'Racking'),
('05-22-1-4', 'GBX45', 1, 294, '001', 'Racking'),
('05-22-2-1', '11000970', 1, 2, '001', 'Racking'),
('05-22-2-2', '100x12', 1, 504, '001', 'Racking'),
('05-22-2-3', '11000970', 1, 2, '001', 'Racking'),
('05-22-2-4', '100x12', 1, 504, '001', 'Racking'),
('05-22-3-1', '11000970', 1, 2, '001', 'Racking'),
('05-22-3-2', '11000970', 1, 2, '001', 'Racking'),
('05-22-3-3', '11000970', 1, 2, '001', 'Racking'),
('05-22-3-4', '11000970', 1, 2, '001', 'Racking'),
('06-01-1-2', 'GB150', 2, 10, '001', 'Racking'),
('06-01-1-3', 'GENIUS 2X4', 2, 68, '001', 'Racking'),
('06-01-1-4', 'FFF', 2, 4, '001', 'Racking'),
('06-01-2-1', '11000970', 1, 2, '001', 'Racking'),
('06-01-2-2', '10001183', 1, 1, '001', 'Racking'),
('06-01-2-3', '11000970', 1, 2, '001', 'Racking'),
('06-01-2-4', '10001183', 1, 1, '001', 'Racking'),
('06-02-1-1', 'GBX45', 2, 126, '001', 'Racking'),
('06-02-1-2', 'GBX55', 1, 96, '001', 'Racking'),
('06-02-1-3', 'GC040', 1, 112, '001', 'Racking'),
('06-02-1-4', 'GB40', 2, 96, '001', 'Racking'),
('06-02-2-1', '11000970', 1, 2, '001', 'Racking'),
('06-02-2-2', '11000970', 1, 2, '001', 'Racking'),
('06-02-2-3', '11000970', 1, 2, '001', 'Racking'),
('06-02-2-4', '11000970', 1, 2, '001', 'Racking'),
('06-03-1-1', 'GB40', 2, 630, '001', 'Racking'),
('06-03-1-2', 'GB40', 3, 630, '001', 'Racking'),
('06-03-1-3', 'GB40', 2, 630, '001', 'Racking'),
('06-03-1-4', 'GENIUS 2X2', 3, 240, '001', 'Racking'),
('06-04-1-1', 'GENIUS 2X2', 1, 240, '001', 'Racking'),
('06-04-1-2', 'GB40', 3, 630, '001', 'Racking'),
('06-04-1-3', 'GENIUS 2X2', 2, 240, '001', 'Racking'),
('06-04-1-4', 'GB40', 2, 630, '001', 'Racking'),
('06-04-2-1', '218020-K-005', 1, 32, '001', 'Racking'),
('06-04-2-2', '218020-K-008', 1, 13, '001', 'Racking'),
('06-04-2-3', '218020-K-005', 1, 32, '001', 'Racking'),
('06-04-2-4', '218020-K-004', 1, 18, '001', 'Racking'),
('06-04-3-1', 'WPCHRED4', 2, 6000, '001', 'Racking'),
('06-04-3-2', 'WPCHCKWHT7', 2, 3840, '001', 'Racking'),
('06-04-3-3', 'WPCHRED4', 2, 6000, '001', 'Racking'),
('06-04-3-4', 'WPCHCKWHT7', 2, 3840, '001', 'Racking'),
('06-05-1-1', 'GB40', 1, 630, '001', 'Racking'),
('06-05-1-2', 'GB40', 1, 630, '001', 'Racking'),
('06-05-1-3', 'GB40', 1, 630, '001', 'Racking'),
('06-05-1-4', 'GB40', 1, 630, '001', 'Racking'),
('06-05-2-1', '218020-K-008', 1, 13, '001', 'Racking'),
('06-05-2-2', '218020-K-008', 1, 13, '001', 'Racking'),
('06-05-2-3', '218020-K-008', 1, 13, '001', 'Racking'),
('06-05-2-4', '218020-K-008', 1, 13, '001', 'Racking'),
('06-05-3-1', 'WPCHCKWHT7', 2, 3840, '001', 'Racking'),
('06-05-3-2', 'WPCHCKWHT7', 2, 3840, '001', 'Racking'),
('06-05-3-3', 'WPCHCKWHT7', 2, 3840, '001', 'Racking'),
('06-05-3-4', 'WPCHCKWHT7', 3, 3840, '001', 'Racking'),
('06-06-1-1', 'GB40', 1, 630, '001', 'Racking'),
('06-06-1-3', 'Misc Machine', 1, 1, '001', 'Racking'),
('06-06-1-4', 'Misc Machine', 1, 1, '001', 'Racking'),
('06-06-2-1', 'WPCHWHT4-SP', 2, 7200, '001', 'Racking'),
('06-06-2-2', 'WPCHWHT4-SP', 2, 5850, '001', 'Racking'),
('06-06-2-3', 'WPCHWHT4-SP', 2, 7200, '001', 'Racking'),
('06-06-2-4', 'WPCHWHT4-SP', 2, 7200, '001', 'Racking'),
('06-06-3-1', 'WPCHCKWHT7', 2, 3840, '001', 'Racking'),
('06-06-3-2', 'WPCHCKWHT7', 2, 3840, '001', 'Racking'),
('06-06-3-3', 'WPCHCKWHT7', 2, 3840, '001', 'Racking'),
('06-06-3-4', 'WPCHCKWHT7', 2, 3840, '001', 'Racking'),
('06-07-1-2', 'Misc Machine', 1, 1, '001', 'Racking'),
('06-07-2-1', 'WPCHRED4', 3, 5625, '001', 'Racking'),
('06-07-2-2', '11000970', 1, 2, '001', 'Racking'),
('06-07-2-3', '11000970', 1, 2, '001', 'Racking'),
('06-07-2-4', '11000970', 1, 2, '001', 'Racking'),
('06-07-3-1', 'WPCHRED4', 2, 6000, '001', 'Racking'),
('06-07-3-2', 'WPCHRED4', 2, 6000, '001', 'Racking'),
('06-07-3-3', 'WPCHRED4', 2, 6000, '001', 'Racking'),
('06-07-3-4', 'WPCHRED4', 2, 6000, '001', 'Racking'),
('06-08-1-1', 'GB40', 1, 630, '001', 'Racking'),
('06-08-1-2', 'GB40', 1, 630, '001', 'Racking'),
('06-08-1-3', 'GB40', 1, 630, '001', 'Racking'),
('06-08-1-4', 'GB40', 1, 630, '001', 'Racking'),
('06-08-2-1', '11000970', 1, 2, '001', 'Racking'),
('06-08-2-2', '11000970', 1, 2, '001', 'Racking'),
('06-08-2-3', '11000970', 1, 2, '001', 'Racking'),
('06-08-2-4', '11000970', 1, 2, '001', 'Racking'),
('06-08-3-1', 'WPCHRED4', 2, 6000, '001', 'Racking'),
('06-08-3-2', 'WPCHRED4', 2, 6000, '001', 'Racking'),
('06-08-3-3', 'WPCHRED4', 2, 6000, '001', 'Racking'),
('06-08-3-4', 'WPCHRED4', 4, 18000, '001', 'Racking'),
('06-09-1-1', 'Misc Machine', 1, 1, '001', 'Racking'),
('06-09-1-2', 'GB40', 3, 768, '001', 'Racking'),
('06-09-1-4', 'GB40', 1, 768, '001', 'Racking'),
('06-09-2-1', '11000970', 1, 2, '001', 'Racking'),
('06-09-2-2', '11000970', 1, 2, '001', 'Racking'),
('06-09-2-3', '11000970', 1, 2, '001', 'Racking'),
('06-09-2-4', '11000970', 1, 2, '001', 'Racking'),
('06-09-3-1', 'WPCHRED4', 2, 6000, '001', 'Racking'),
('06-09-3-2', 'WPCHRED4', 2, 6000, '001', 'Racking'),
('06-09-3-3', '11000970', 1, 2, '001', 'Racking'),
('06-09-3-4', '11000970', 1, 2, '001', 'Racking'),
('06-10-1-1', 'GBX55', 2, 174, '001', 'Racking'),
('06-10-1-2', 'GB40', 1, 768, '001', 'Racking'),
('06-10-1-3', 'GBX55', 1, 126, '001', 'Racking'),
('06-10-1-4', 'GB40', 1, 768, '001', 'Racking'),
('06-10-2-1', '11000970', 1, 2, '001', 'Racking'),
('06-10-2-2', '11000970', 1, 2, '001', 'Racking'),
('06-10-2-3', '11000970', 1, 2, '001', 'Racking'),
('06-10-2-4', '11000970', 1, 2, '001', 'Racking'),
('06-10-3-1', 'WPCHRED4', 2, 6000, '001', 'Racking'),
('06-10-3-2', 'WPCHRED4', 1, 6000, '001', 'Racking'),
('06-10-3-3', 'WPCHRED4', 1, 6000, '001', 'Racking'),
('06-10-3-4', 'WPCHRED4', 1, 6000, '001', 'Racking'),
('06-11-1-1', 'GB40', 1, 630, '001', 'Racking'),
('06-11-1-2', 'GB40', 1, 630, '001', 'Racking'),
('06-11-1-3', 'GB40', 1, 630, '001', 'Racking'),
('06-11-1-4', 'GB40', 1, 630, '001', 'Racking'),
('06-11-2-1', '11000970', 1, 2, '001', 'Racking'),
('06-11-2-2', '11000970', 1, 2, '001', 'Racking'),
('06-11-2-3', '11000970', 1, 2, '001', 'Racking'),
('06-11-2-4', '11000970', 1, 2, '001', 'Racking'),
('06-12-1-1', 'Misc Machine', 1, 1, '001', 'Racking'),
('06-12-1-2', 'GBX55', 1, 540, '001', 'Racking'),
('06-12-1-3', '11000970', 1, 2, '001', 'Racking'),
('06-12-1-4', 'GBX55', 1, 540, '001', 'Racking'),
('06-12-2-2', '11000970', 1, 2, '001', 'Racking'),
('06-12-2-3', 'DS-0596', 1, 1, '001', 'Racking'),
('06-12-2-4', '11000970', 1, 2, '001', 'Racking'),
('06-13-1-1', 'Misc Machine', 1, 1, '001', 'Racking'),
('06-13-1-2', 'GB40', 1, 768, '001', 'Racking'),
('06-13-1-4', 'GB40', 2, 768, '001', 'Racking'),
('06-13-2-1', '11000970', 1, 2, '001', 'Racking'),
('06-13-2-2', '11000970', 1, 2, '001', 'Racking'),
('06-13-2-3', '11000970', 1, 2, '001', 'Racking'),
('06-13-2-4', '11000970', 1, 2, '001', 'Racking'),
('06-14-1-1', 'GENIUS 2X2', 1, 242, '001', 'Racking'),
('06-14-1-2', 'GENIUS 2X2', 1, 242, '001', 'Racking'),
('06-14-1-3', 'GENIUS 2X2', 1, 242, '001', 'Racking'),
('06-14-1-4', 'GENIUS 2X2', 1, 242, '001', 'Racking'),
('06-14-2-1', '11000970', 1, 2, '001', 'Racking'),
('06-14-2-2', '11000970', 1, 2, '001', 'Racking'),
('06-14-2-3', '11000970', 1, 2, '001', 'Racking'),
('06-14-2-4', '11000970', 1, 2, '001', 'Racking'),
('06-14-3-2', '03-00319-1', 1, 324, '001', 'Racking'),
('06-14-3-4', '03-00319-1', 1, 324, '001', 'Racking'),
('06-15-1-1', 'GENIUS 2X2', 1, 242, '001', 'Racking'),
('06-15-1-2', 'GENIUS 2X2', 2, 250, '001', 'Racking'),
('06-15-1-3', 'GENIUS 2X2', 1, 242, '001', 'Racking'),
('06-15-1-4', 'GENIUS 2X2', 2, 262, '001', 'Racking'),
('06-15-2-1', '11000970', 1, 2, '001', 'Racking'),
('06-15-2-2', '11000970', 1, 2, '001', 'Racking'),
('06-15-2-3', '11000970', 1, 2, '001', 'Racking'),
('06-15-2-4', '11000970', 1, 2, '001', 'Racking'),
('06-15-3-1', '03-00319-1', 1, 324, '001', 'Racking'),
('06-15-3-2', '03-00319-1', 1, 324, '001', 'Racking'),
('06-15-3-3', '03-00319-1', 1, 324, '001', 'Racking'),
('06-15-3-4', '03-00319-1', 1, 324, '001', 'Racking'),
('06-16-1-1', 'GENIUS 2X2', 1, 238, '001', 'Racking'),
('06-16-1-2', 'GENIUS 2X2', 1, 264, '001', 'Racking'),
('06-16-1-3', 'GENIUS 2X2', 1, 242, '001', 'Racking'),
('06-16-1-4', 'GENIUS 2X2', 1, 242, '001', 'Racking'),
('06-16-2-1', '11000970', 1, 2, '001', 'Racking'),
('06-16-2-2', '11000970', 1, 2, '001', 'Racking'),
('06-16-2-3', '11000970', 1, 2, '001', 'Racking'),
('06-16-2-4', '11000970', 1, 2, '001', 'Racking'),
('06-16-3-1', '03-00319-1', 1, 324, '001', 'Racking'),
('06-16-3-2', 'WPCHRED4', 1, 6000, '001', 'Racking'),
('06-16-3-3', '03-00319-1', 1, 324, '001', 'Racking'),
('06-16-3-4', 'WPCHRED4', 1, 6000, '001', 'Racking'),
('06-17-1-1', 'GBX75', 1, 280, '001', 'Racking'),
('06-17-1-2', 'GENIUS 2X2', 1, 240, '001', 'Racking'),
('06-17-1-3', 'GBX75', 1, 280, '001', 'Racking'),
('06-17-1-4', 'GENIUS 2X2', 1, 240, '001', 'Racking'),
('06-17-2-1', '11000970', 1, 2, '001', 'Racking'),
('06-17-2-2', '11000970', 1, 2, '001', 'Racking'),
('06-17-2-3', '11000970', 1, 2, '001', 'Racking'),
('06-17-2-4', '11000970', 1, 2, '001', 'Racking'),
('06-17-3-1', 'WPCHCKORG4', 1, 5250, '001', 'Racking'),
('06-17-3-2', 'Blue Boxes', 1, 1, '001', 'Racking'),
('06-17-3-3', 'WPCHCKORG4', 1, 6000, '001', 'Racking'),
('06-17-3-4', 'Blue Boxes', 1, 1, '001', 'Racking'),
('06-18-1-1', 'GB40', 1, 768, '001', 'Racking'),
('06-18-1-2', 'GB40', 1, 768, '001', 'Racking'),
('06-18-1-3', 'GB40', 1, 768, '001', 'Racking'),
('06-18-1-4', 'GB40', 1, 768, '001', 'Racking'),
('06-18-2-1', 'Blue Boxes', 1, 1, '001', 'Racking'),
('06-18-2-2', 'KA-0573', 1, 4, '001', 'Racking'),
('06-18-2-3', 'Blue Boxes', 1, 1, '001', 'Racking'),
('06-18-2-4', 'Blue Boxes', 1, 1, '001', 'Racking'),
('06-18-3-1', 'Blue Boxes', 1, 1, '001', 'Racking'),
('06-18-3-2', 'Blue Boxes', 1, 1, '001', 'Racking'),
('06-18-3-3', 'Blue Boxes', 1, 1, '001', 'Racking'),
('06-18-3-4', 'Blue Boxes', 1, 1, '001', 'Racking'),
('06-19-1-1', 'GB40', 1, 768, '001', 'Racking'),
('06-19-1-2', 'GB40', 2, 768, '001', 'Racking'),
('06-19-1-3', 'GB40', 1, 768, '001', 'Racking'),
('06-19-1-4', 'GB40', 2, 768, '001', 'Racking'),
('06-19-2-1', 'KA-0573', 1, 4, '001', 'Racking'),
('06-19-2-2', 'KA-0573', 1, 4, '001', 'Racking'),
('06-19-2-3', 'KA-0573', 1, 4, '001', 'Racking'),
('06-19-2-4', 'KA-0573', 1, 4, '001', 'Racking'),
('06-19-3-1', 'Blue Boxes', 1, 1, '001', 'Racking'),
('06-19-3-2', 'Blue Boxes', 1, 1, '001', 'Racking'),
('06-19-3-3', 'Blue Boxes', 1, 1, '001', 'Racking'),
('06-19-3-4', 'Blue Boxes', 1, 1, '001', 'Racking'),
('06-20-1-1', 'WRAPPAKEX-BM', 2, 80, '001', 'Racking'),
('06-20-1-2', 'GBX55', 2, 420, '001', 'Racking'),
('06-20-1-3', 'WRAPPAKEX-BM', 2, 80, '001', 'Racking'),
('06-20-1-4', 'GBX55', 2, 420, '001', 'Racking'),
('06-20-2-1', 'KA-0573', 1, 4, '001', 'Racking'),
('06-20-2-2', 'KA-0573', 1, 4, '001', 'Racking'),
('06-20-2-3', 'KA-0573', 1, 4, '001', 'Racking'),
('06-20-2-4', 'KA-0573', 1, 4, '001', 'Racking'),
('06-20-3-1', 'Blue Boxes', 1, 1, '001', 'Racking'),
('06-20-3-2', 'Blue Boxes', 1, 1, '001', 'Racking'),
('06-20-3-3', 'Blue Boxes', 1, 1, '001', 'Racking'),
('06-20-3-4', 'Blue Boxes', 1, 1, '001', 'Racking'),
('06-21-1-1', '11000988', 1, 25, '001', 'Racking'),
('06-21-1-2', '11000988', 1, 25, '001', 'Racking'),
('06-21-1-3', '11000988', 1, 25, '001', 'Racking'),
('06-21-1-4', '11000988', 1, 25, '001', 'Racking'),
('06-21-2-1', 'GWR402B1', 2, 72, '001', 'Racking'),
('06-21-2-2', 'GWR402B1', 2, 72, '001', 'Racking'),
('06-21-2-3', 'GWR402B1', 2, 72, '001', 'Racking'),
('06-21-2-4', 'GWR402B1', 2, 72, '001', 'Racking'),
('06-21-3-1', 'WPCHCKORG4', 1, 6000, '001', 'Racking'),
('06-21-3-2', 'Blue Boxes', 1, 1, '001', 'Racking'),
('06-21-3-3', 'WPCHCKORG4', 1, 6000, '001', 'Racking'),
('06-22-1-1', 'GBX45', 2, 630, '001', 'Racking'),
('06-22-1-2', 'GB40', 2, 768, '001', 'Racking'),
('06-22-1-3', 'GB40', 2, 768, '001', 'Racking'),
('06-22-1-4', 'GB40', 2, 768, '001', 'Racking'),
('06-22-2-1', '11000970', 1, 2, '001', 'Racking'),
('06-22-2-2', '11000970', 1, 2, '001', 'Racking'),
('06-22-2-3', '11000970', 1, 2, '001', 'Racking'),
('06-22-2-4', '11000970', 1, 2, '001', 'Racking'),
('06-22-3-1', 'Blue Boxes', 1, 1, '001', 'Racking'),
('06-22-3-2', 'C00253360', 1, 1, '001', 'Racking'),
('06-22-3-3', 'Blue Boxes', 1, 1, '001', 'Racking'),
('06-22-3-4', 'Blue Boxes', 1, 1, '001', 'Racking'),
('07-01-4-1', '10001183', 1, 1, '001', 'Racking'),
('07-01-4-2', '10001183', 1, 1, '001', 'Racking'),
('07-02-4-1', '10001183', 1, 1, '001', 'Racking'),
('07-02-4-2', '10001183', 1, 1, '001', 'Racking'),
('07-03-4-1', '10001183', 1, 1, '001', 'Racking'),
('07-04-4-1', '10001183', 1, 1, '001', 'Racking'),
('07-04-4-2', '10001183', 1, 1, '001', 'Racking'),
('07-06-2-1', 'HV MACHINE AND PARTS', 1, 1, '001', 'Racking'),
('07-06-3-1', 'FPSL2N STAND AND FRAME', 1, 1, '001', 'Racking'),
('07-06-4-1', '10001183', 1, 1, '001', 'Racking'),
('07-06-4-2', '10001183', 1, 1, '001', 'Racking'),
('07-08-3-3', 'FPSL2N STAND AND FRAME', 1, 1, '001', 'Racking'),
('07-10-2-2', '10001183', 1, 1, '001', 'Racking'),
('07-10-3-1', '10001183', 1, 1, '001', 'Racking'),
('07-10-3-2', '10001183', 1, 1, '001', 'Racking'),
('07-11-3-2', '10001183', 1, 1, '001', 'Racking'),
('07-12-1-1', 'PSWP1', 1, 1, '001', 'Racking'),
('07-12-3-1', '10001183', 1, 1, '001', 'Racking'),
('07-12-3-2', '10001183', 1, 1, '001', 'Racking'),
('07-13-2-2', '10001183', 1, 1, '001', 'Racking'),
('07-14-2-1', 'SW5001.EC0001', 1, 1, '001', 'Racking'),
('07-15-1-2', 'RP-0201', 1, 36, '001', 'Racking'),
('07-15-2-2', 'RP-0201', 1, 36, '001', 'Racking'),
('08-01-1-1', '11000988', 7, 125, '001', 'Racking'),
('08-01-1-2', '11002215', 2, 36, '001', 'Racking'),
('08-01-1-3', '11002215', 1, 36, '001', 'Racking'),
('08-01-1-4', '11002215', 1, 36, '001', 'Racking'),
('08-01-1-5', '11002215', 1, 36, '001', 'Racking'),
('08-01-1-6', '11002215', 1, 36, '001', 'Racking'),
('08-01-2-1', '11000970', 1, 2, '001', 'Racking'),
('08-01-2-2', '11000970', 1, 2, '001', 'Racking'),
('08-01-2-3', '11000970', 1, 2, '001', 'Racking'),
('08-01-2-4', '11000970', 1, 2, '001', 'Racking'),
('08-01-2-5', '11000970', 1, 2, '001', 'Racking'),
('08-01-2-6', '11000970', 1, 2, '001', 'Racking'),
('08-01-3-1', '1648CL-5MB-White', 3, 3, '001', 'Racking'),
('08-01-3-2', '1648CL-5MB-White', 3, 3, '001', 'Racking'),
('08-02-1-1', '11000970', 3, 2, '001', 'Racking'),
('08-02-1-2', '11000970', 2, 2, '001', 'Racking'),
('08-02-1-3', '11000970', 2, 2, '001', 'Racking'),
('08-02-1-4', '11000970', 2, 2, '001', 'Racking'),
('08-02-1-5', '11000970', 2, 2, '001', 'Racking'),
('08-02-1-6', '11000970', 2, 2, '001', 'Racking'),
('08-02-3-2', '1648 BEZEL WHITE', 1, 1, '001', 'Racking'),
('08-02-3-3', '1648 BACK', 1, 1, '001', 'Racking'),
('08-02-3-4', '1648 BEZEL WHITE', 1, 1, '001', 'Racking'),
('08-02-3-5', '1648 BACK', 1, 1, '001', 'Racking'),
('08-02-3-6', '1648 BEZEL WHITE', 1, 1, '001', 'Racking'),
('08-03-1-1', '10001379', 2, 24, '001', 'Racking'),
('08-03-1-2', '10001379', 2, 24, '001', 'Racking'),
('08-03-1-3', '10001379', 2, 24, '001', 'Racking'),
('08-03-1-4', '10001379', 2, 24, '001', 'Racking'),
('08-03-1-5', '10001379', 2, 24, '001', 'Racking'),
('08-03-1-6', '10001379', 2, 24, '001', 'Racking'),
('08-03-2-1', '11000970', 1, 2, '001', 'Racking'),
('08-03-2-2', '11000970', 1, 2, '001', 'Racking'),
('08-03-2-3', '11000970', 1, 2, '001', 'Racking'),
('08-03-2-4', '11000970', 1, 2, '001', 'Racking'),
('08-03-2-5', '11000970', 1, 2, '001', 'Racking'),
('08-03-2-6', '11000970', 1, 2, '001', 'Racking'),
('08-03-3-1', 'C00253360', 1, 1, '001', 'Racking'),
('08-03-3-2', 'C00253360', 1, 1, '001', 'Racking'),
('08-03-3-4', 'C00253360', 1, 1, '001', 'Racking'),
('08-03-3-6', 'C00253360', 1, 1, '001', 'Racking'),
('08-04-1-2', '11002215', 2, 72, '001', 'Racking'),
('08-04-1-3', '11000970', 1, 2, '001', 'Racking'),
('08-04-1-4', '11002215', 1, 36, '001', 'Racking'),
('08-04-1-5', '11000970', 1, 2, '001', 'Racking'),
('08-04-1-6', '11002215', 1, 40, '001', 'Racking'),
('08-04-2-1', '11000970', 1, 2, '001', 'Racking'),
('08-04-2-2', '11000970', 1, 2, '001', 'Racking'),
('08-04-2-3', '11000970', 1, 2, '001', 'Racking'),
('08-04-2-4', '11000970', 1, 2, '001', 'Racking'),
('08-04-2-5', '11000970', 1, 2, '001', 'Racking'),
('08-04-2-6', '11000970', 1, 2, '001', 'Racking'),
('08-04-3-1', '1648CL-5MB-White', 3, 3, '001', 'Racking'),
('08-05-1-1', '11000970', 2, 2, '001', 'Racking'),
('08-05-1-2', '11000970', 2, 2, '001', 'Racking'),
('08-05-1-3', '11000970', 2, 2, '001', 'Racking'),
('08-05-1-4', '11000970', 2, 2, '001', 'Racking'),
('08-05-1-5', '11000970', 2, 2, '001', 'Racking'),
('08-05-1-6', '11000970', 2, 2, '001', 'Racking'),
('08-05-2-1', '11000970', 1, 2, '001', 'Racking'),
('08-05-2-2', '11000970', 1, 2, '001', 'Racking'),
('08-05-2-3', '11000970', 1, 2, '001', 'Racking'),
('08-05-2-4', '11000970', 1, 2, '001', 'Racking'),
('08-05-2-5', '11000970', 1, 2, '001', 'Racking'),
('08-05-3-1', '1648 CL-5MB-Backs', 3, 2, '001', 'Racking'),
('08-06-1-1', '11002215', 2, 72, '001', 'Racking'),
('08-06-1-2', '11002215', 2, 76, '001', 'Racking'),
('08-06-1-3', '11002215', 1, 36, '001', 'Racking'),
('08-06-1-4', '11002215', 1, 36, '001', 'Racking'),
('08-06-1-5', '11002215', 1, 36, '001', 'Racking'),
('08-06-1-6', '11002215', 1, 36, '001', 'Racking'),
('08-06-2-1', '11000970', 1, 2, '001', 'Racking'),
('08-06-2-2', '11000970', 1, 2, '001', 'Racking'),
('08-06-2-3', '11000970', 1, 2, '001', 'Racking'),
('08-06-2-4', '11000970', 1, 2, '001', 'Racking'),
('08-06-2-5', '11000970', 1, 2, '001', 'Racking'),
('08-06-2-6', '11000970', 1, 2, '001', 'Racking'),
('08-06-3-2', '1648 CL-5MB-Backs', 3, 3, '001', 'Racking'),
('08-07-1-4', 'WR2448.25 5.55.25', 1, 4, '001', 'Racking'),
('08-07-1-6', 'WR2448.25 5.55.25', 1, 4, '001', 'Racking'),
('08-07-2-1', '11000970', 1, 2, '001', 'Racking'),
('08-07-2-2', '11000970', 1, 2, '001', 'Racking'),
('08-07-2-3', '11000970', 1, 2, '001', 'Racking'),
('08-07-2-4', '11000970', 1, 2, '001', 'Racking'),
('08-07-2-5', '11000970', 1, 2, '001', 'Racking'),
('08-07-2-6', '11000970', 1, 2, '001', 'Racking'),
('08-08-1-1', '11000970', 2, 4, '001', 'Racking'),
('08-08-1-2', '11000970', 2, 4, '001', 'Racking'),
('08-08-1-3', '11000970', 2, 4, '001', 'Racking'),
('08-08-1-4', '11000970', 2, 4, '001', 'Racking'),
('08-08-1-5', '11000970', 2, 4, '001', 'Racking'),
('08-08-1-6', '11000970', 2, 4, '001', 'Racking'),
('08-08-2-1', '11000970', 1, 2, '001', 'Racking'),
('08-08-2-2', '11000970', 1, 2, '001', 'Racking'),
('08-08-2-3', '11000970', 1, 2, '001', 'Racking'),
('08-08-2-4', '11000970', 1, 2, '001', 'Racking'),
('08-08-2-5', '11000970', 1, 2, '001', 'Racking'),
('08-08-2-6', '11000970', 1, 2, '001', 'Racking'),
('08-08-3-1', 'Corrugated', 1, 1, '001', 'Racking'),
('08-08-3-2', 'Corrugated', 1, 1, '001', 'Racking'),
('08-08-3-3', 'Corrugated', 1, 1, '001', 'Racking'),
('08-08-3-4', 'Corrugated', 1, 1, '001', 'Racking'),
('08-08-3-5', 'Corrugated', 1, 1, '001', 'Racking'),
('08-08-3-6', 'Corrugated', 1, 1, '001', 'Racking'),
('08-09-1-1', 'KS-0312', 1, 10, '001', 'Racking'),
('08-09-1-2', 'KS-0312', 1, 10, '001', 'Racking'),
('08-09-1-3', 'KS-0312', 1, 10, '001', 'Racking'),
('08-09-1-4', 'KS-0312', 1, 10, '001', 'Racking'),
('08-09-1-5', 'KS-0312', 2, 20, '001', 'Racking'),
('08-09-1-6', 'KS-0312', 2, 20, '001', 'Racking'),
('08-09-2-1', '11000970', 1, 2, '001', 'Racking'),
('08-09-2-2', '11000970', 1, 2, '001', 'Racking'),
('08-09-2-3', '11000970', 1, 2, '001', 'Racking'),
('08-09-2-4', '11000970', 1, 2, '001', 'Racking'),
('08-09-2-5', '11000970', 1, 2, '001', 'Racking'),
('08-09-3-1', 'Corrugated med', 1, 1, '001', 'Racking'),
('08-09-3-2', 'Corrugated med', 1, 1, '001', 'Racking'),
('08-09-3-3', 'Corrugated med', 1, 1, '001', 'Racking'),
('08-09-3-4', 'Corrugated med', 1, 1, '001', 'Racking'),
('08-09-3-5', 'Corrugated med', 1, 1, '001', 'Racking'),
('08-09-3-6', 'Corrugated med', 1, 1, '001', 'Racking'),
('08-10-1-1', 'KS-0312', 1, 10, '001', 'Racking'),
('08-10-1-2', 'KS-0312', 1, 10, '001', 'Racking'),
('08-10-1-3', 'KS-0312', 1, 10, '001', 'Racking'),
('08-10-1-4', 'KS-0312', 1, 10, '001', 'Racking'),
('08-10-1-5', 'KS-0312', 2, 20, '001', 'Racking'),
('08-10-1-6', 'KS-0312', 2, 20, '001', 'Racking'),
('08-10-2-1', '11000970', 1, 2, '001', 'Racking'),
('08-10-2-2', '11000970', 1, 2, '001', 'Racking'),
('08-10-2-3', '11000970', 1, 2, '001', 'Racking'),
('08-10-2-4', '11000970', 1, 2, '001', 'Racking'),
('08-10-2-5', '11000970', 1, 2, '001', 'Racking'),
('08-10-2-6', '11000970', 1, 2, '001', 'Racking'),
('08-10-3-1', 'Corrugated med', 1, 1, '001', 'Racking'),
('08-10-3-2', 'Corrugated med', 1, 1, '001', 'Racking'),
('08-10-3-3', 'Corrugated med', 1, 1, '001', 'Racking'),
('08-10-3-4', 'Corrugated lg', 1, 1, '001', 'Racking'),
('08-10-3-5', 'Corrugated med', 1, 1, '001', 'Racking'),
('08-10-3-6', 'Corrugated lg', 1, 1, '001', 'Racking'),
('08-11-1-1', '10001251', 1, 15, '001', 'Racking'),
('08-11-1-2', 'WRAPPAKEX-BM', 2, 80, '001', 'Racking'),
('08-11-1-3', '10001251', 2, 15, '001', 'Racking'),
('08-11-1-4', 'WRAPPAKEX-BM', 2, 80, '001', 'Racking'),
('08-11-1-5', '10001251', 2, 15, '001', 'Racking'),
('08-11-1-6', 'WRAPPAKEX-BM', 2, 80, '001', 'Racking'),
('08-11-2-1', '11000970', 1, 2, '001', 'Racking'),
('08-11-2-2', '11000970', 1, 2, '001', 'Racking'),
('08-11-2-3', '11000970', 1, 2, '001', 'Racking'),
('08-11-2-4', '11000970', 1, 2, '001', 'Racking'),
('08-11-2-5', '11000970', 1, 2, '001', 'Racking'),
('08-11-2-6', '11000970', 1, 2, '001', 'Racking'),
('08-11-3-1', 'Corrugated lg', 1, 1, '001', 'Racking'),
('08-11-3-2', '1648 BEZEL WHITE', 1, 1, '001', 'Racking'),
('08-11-3-3', 'Corrugated lg', 1, 1, '001', 'Racking'),
('08-11-3-4', '1648 BEZEL WHITE', 1, 1, '001', 'Racking'),
('08-11-3-5', 'Corrugated lg', 1, 1, '001', 'Racking'),
('08-11-3-6', '1648 BEZEL WHITE', 1, 1, '001', 'Racking'),
('08-12-1-1', 'WRAPPAKEX-BM', 2, 80, '001', 'Racking'),
('08-12-1-2', 'WR2448.25 5.55.25', 1, 5, '001', 'Racking'),
('08-12-2-1', 'C00272360S', 1, 1, '001', 'Racking'),
('08-12-2-2', '03-00301-1', 1, 405, '001', 'Racking'),
('08-12-2-4', '03-00301-1', 1, 405, '001', 'Racking'),
('08-12-2-6', '03-00301-1', 1, 405, '001', 'Racking'),
('08-12-3-1', '1648 BACK', 1, 1, '001', 'Racking'),
('08-12-3-2', 'Corrugated med', 1, 1, '001', 'Racking'),
('08-12-3-3', '1648 BEZEL WHITE', 1, 1, '001', 'Racking'),
('08-12-3-4', 'Corrugated med', 1, 1, '001', 'Racking'),
('08-12-3-5', '1648 BEZEL WHITE', 1, 1, '001', 'Racking'),
('08-12-3-6', 'Corrugated med', 1, 1, '001', 'Racking'),
('08-13-1-2', 'PC-0806', 1, 1, '001', 'Racking'),
('08-13-1-3', 'MACHINES', 1, 1, '001', 'Racking'),
('08-13-2-1', '03-00301-1', 1, 405, '001', 'Racking'),
('08-13-2-3', '03-00301-1', 1, 405, '001', 'Racking'),
('08-13-2-4', '03-00301-1', 1, 405, '001', 'Racking'),
('08-13-2-5', '03-00301-1', 1, 405, '001', 'Racking'),
('08-13-2-6', '03-00301-1', 1, 405, '001', 'Racking'),
('08-13-3-1', 'Corrugated lg', 1, 1, '001', 'Racking'),
('08-13-3-2', 'Corrugated lg', 1, 1, '001', 'Racking'),
('08-13-3-3', 'Corrugated lg', 1, 1, '001', 'Racking'),
('08-13-3-4', 'Corrugated lg', 1, 1, '001', 'Racking'),
('08-13-3-5', 'Corrugated lg', 1, 1, '001', 'Racking'),
('08-13-3-6', 'Corrugated lg', 1, 1, '001', 'Racking'),
('08-14-1-2', 'WPCHWHT4-SP', 1, 7200, '001', 'Racking'),
('08-14-2-1', '03-00301-1', 1, 405, '001', 'Racking'),
('08-14-2-2', 'WPCHWHT4-SP', 2, 7200, '001', 'Racking'),
('08-14-2-4', '03-00301-1', 1, 405, '001', 'Racking'),
('08-14-2-5', '03-00301-1', 1, 405, '001', 'Racking'),
('08-14-2-6', '03-00301-1', 1, 405, '001', 'Racking'),
('08-14-3-1', 'Corrugated lg', 1, 1, '001', 'Racking'),
('08-14-3-2', 'WPCHWHT4-SP', 3, 7200, '001', 'Racking'),
('08-14-3-3', 'Corrugated lg', 1, 1, '001', 'Racking'),
('08-14-3-4', 'Corrugated lg', 1, 1, '001', 'Racking'),
('08-14-3-5', 'Corrugated lg', 1, 1, '001', 'Racking'),
('08-14-3-6', 'Corrugated lg', 1, 1, '001', 'Racking'),
('08-15-1-3', 'WPCHRED4', 3, 17000, '001', 'Racking'),
('08-15-3-3', 'Corrugated med', 1, 1, '001', 'Racking'),
('08-15-3-4', '1624 BEZEL WHITE', 1, 1, '001', 'Racking'),
('08-15-3-5', 'Corrugated med', 1, 1, '001', 'Racking'),
('08-16-2-1', 'Corrugated', 1, 1, '001', 'Racking'),
('08-16-2-2', 'WPCHCKWHT7', 1, 3840, '001', 'Racking'),
('08-16-2-3', 'Corrugated', 1, 1, '001', 'Racking'),
('08-16-2-4', 'WPCHCKWHT7', 1, 3840, '001', 'Racking'),
('08-16-2-5', 'Corrugated', 1, 1, '001', 'Racking'),
('08-16-2-6', 'WPCHCKWHT7', 1, 3840, '001', 'Racking'),
('08-16-3-2', 'GB10S', 2, 83, '001', 'Racking'),
('08-16-3-4', 'GB10S', 2, 72, '001', 'Racking'),
('08-16-3-6', 'GB10S', 2, 77, '001', 'Racking'),
('08-17-1-1', 'WPCHWHT4-SP', 1, 7200, '001', 'Racking'),
('08-17-1-2', 'WPCHWHT4-SP', 1, 7200, '001', 'Racking'),
('08-17-2-1', 'WPCHWHT4-SP', 2, 7200, '001', 'Racking'),
('08-17-2-2', 'WPCHRED4', 3, 6000, '001', 'Racking'),
('08-17-2-3', '11000970', 1, 2, '001', 'Racking'),
('08-17-2-4', '11000970', 1, 2, '001', 'Racking'),
('08-17-2-5', '11000970', 1, 2, '001', 'Racking'),
('08-17-2-6', '11000970', 1, 2, '001', 'Racking'),
('08-17-3-1', 'WPCHWHT4-SP', 1, 7200, '001', 'Racking'),
('08-17-3-2', 'WPCHWHT4-SP', 2, 7200, '001', 'Racking'),
('08-17-3-4', 'Corrugated med', 1, 1, '001', 'Racking'),
('08-17-3-5', '03-00301-1', 1, 405, '001', 'Racking'),
('08-17-3-6', 'Corrugated med', 1, 1, '001', 'Racking'),
('08-18-1-1', 'WPCHWHT4-SP', 1, 7200, '001', 'Racking'),
('08-18-1-2', 'WPCHRED4', 1, 6000, '001', 'Racking'),
('08-18-2-1', 'WPCHWHT4-SP', 2, 7200, '001', 'Racking'),
('08-18-2-2', '11000970', 1, 2, '001', 'Racking'),
('08-18-2-3', '11000970', 1, 2, '001', 'Racking'),
('08-18-2-4', '11000970', 1, 2, '001', 'Racking'),
('08-18-2-5', '11000970', 1, 2, '001', 'Racking'),
('08-18-2-6', '11000970', 1, 2, '001', 'Racking'),
('08-18-3-1', 'WPCHWHT4-SP', 2, 7200, '001', 'Racking'),
('08-18-3-2', 'WPCHRED4', 3, 6000, '001', 'Racking'),
('08-18-3-3', 'Corrugated med', 1, 1, '001', 'Racking'),
('08-18-3-4', 'Corrugated med', 1, 1, '001', 'Racking'),
('08-18-3-5', 'Corrugated med', 1, 1, '001', 'Racking'),
('08-18-3-6', 'Corrugated med', 1, 1, '001', 'Racking'),
('08-19-1-1', 'WPCHRED4', 1, 6000, '001', 'Racking'),
('08-19-1-2', '11002215', 2, 72, '001', 'Racking'),
('08-19-1-4', '11002215', 1, 36, '001', 'Racking'),
('08-19-1-6', '11002215', 1, 36, '001', 'Racking'),
('08-19-2-1', 'WPCHRED4', 2, 6000, '001', 'Racking'),
('08-19-2-2', '11000970', 1, 2, '001', 'Racking'),
('08-19-2-3', '11000970', 1, 2, '001', 'Racking'),
('08-19-2-4', '11000970', 1, 2, '001', 'Racking'),
('08-19-2-5', '11000970', 1, 2, '001', 'Racking'),
('08-19-2-6', '11000970', 1, 2, '001', 'Racking'),
('08-19-3-1', 'WPCHRED4', 2, 6000, '001', 'Racking'),
('08-19-3-2', 'Corrugated sm', 1, 1, '001', 'Racking'),
('08-19-3-3', 'GENIUS 1', 1, 480, '001', 'Racking'),
('08-19-3-4', 'Corrugated sm', 1, 1, '001', 'Racking'),
('08-19-3-6', 'Corrugated sm', 1, 1, '001', 'Racking'),
('08-20-1-1', '11002215', 2, 72, '001', 'Racking'),
('08-20-1-2', '11002215', 2, 72, '001', 'Racking'),
('08-20-1-3', '11002215', 1, 40, '001', 'Racking'),
('08-20-1-4', '11002215', 1, 36, '001', 'Racking'),
('08-20-1-5', '11002215', 1, 40, '001', 'Racking'),
('08-20-1-6', '11002215', 1, 36, '001', 'Racking'),
('08-20-2-1', '11000970', 1, 2, '001', 'Racking'),
('08-20-2-2', '11000970', 1, 2, '001', 'Racking'),
('08-20-2-3', '11000970', 1, 2, '001', 'Racking'),
('08-20-2-4', '11000970', 1, 2, '001', 'Racking'),
('08-20-2-5', '11000970', 1, 2, '001', 'Racking'),
('08-20-2-6', '11000970', 1, 2, '001', 'Racking'),
('08-20-3-1', 'Corrugated sm', 1, 1, '001', 'Racking'),
('08-20-3-2', 'Corrugated sm', 1, 1, '001', 'Racking'),
('08-20-3-3', 'Corrugated sm', 1, 1, '001', 'Racking'),
('08-20-3-4', 'Corrugated sm', 1, 1, '001', 'Racking'),
('08-20-3-5', 'Corrugated sm', 1, 1, '001', 'Racking'),
('08-20-3-6', 'Corrugated sm', 1, 1, '001', 'Racking'),
('08-21-1-1', '11002215', 2, 72, '001', 'Racking'),
('08-21-1-2', '11002215', 2, 72, '001', 'Racking'),
('08-21-1-3', '11002215', 1, 36, '001', 'Racking'),
('08-21-1-4', '11002215', 1, 36, '001', 'Racking'),
('08-21-1-5', '11002215', 1, 36, '001', 'Racking'),
('08-21-1-6', '11002215', 1, 36, '001', 'Racking'),
('08-21-2-1', '11000970', 1, 2, '001', 'Racking'),
('08-21-2-2', '11000970', 1, 2, '001', 'Racking'),
('08-21-2-3', '11000970', 1, 2, '001', 'Racking'),
('08-21-2-4', '11000970', 1, 2, '001', 'Racking'),
('08-21-2-5', '11000970', 1, 2, '001', 'Racking'),
('08-21-2-6', '11000970', 1, 2, '001', 'Racking'),
('08-21-3-1', 'Corrugated lg', 1, 1, '001', 'Racking'),
('08-21-3-2', 'Corrugated med', 1, 1, '001', 'Racking'),
('08-21-3-3', 'Corrugated lg', 1, 1, '001', 'Racking'),
('08-21-3-4', 'Corrugated med', 1, 1, '001', 'Racking'),
('08-21-3-5', 'Corrugated lg', 1, 1, '001', 'Racking'),
('08-21-3-6', 'Corrugated med', 1, 1, '001', 'Racking'),
('08-22-1-1', '10001220', 1, 8, '001', 'Racking'),
('08-22-1-3', '10001220', 1, 18, '001', 'Racking'),
('08-22-1-4', '10001220', 2, 18, '001', 'Racking'),
('08-22-1-5', '10001220', 1, 18, '001', 'Racking'),
('08-22-1-6', '10001220', 1, 18, '001', 'Racking'),
('08-22-2-1', '11000970', 1, 2, '001', 'Racking'),
('08-22-2-2', '11000970', 1, 2, '001', 'Racking'),
('08-22-2-3', '11000970', 1, 2, '001', 'Racking'),
('08-22-2-4', '11000970', 1, 2, '001', 'Racking'),
('08-22-2-5', '11000970', 2, 4, '001', 'Racking'),
('08-22-2-6', '11000970', 1, 2, '001', 'Racking'),
('08-22-3-1', 'Corrugated lg', 1, 1, '001', 'Racking'),
('08-22-3-2', 'Corrugated xlg', 1, 1, '001', 'Racking'),
('08-22-3-4', 'Corrugated xlg', 1, 1, '001', 'Racking'),
('08-22-3-5', 'Corrugated xlg', 1, 1, '001', 'Racking'),
('08-22-3-6', 'Corrugated xlg', 1, 1, '001', 'Racking'),
('08-23-1-1', '11002215', 2, 72, '001', 'Racking'),
('08-23-1-2', 'WPCHRED4', 1, 6000, '001', 'Racking'),
('08-23-1-3', '11002215', 1, 36, '001', 'Racking'),
('08-23-1-4', 'Frames', 1, 1, '001', 'Racking'),
('08-23-1-5', '11002215', 1, 36, '001', 'Racking'),
('08-23-2-1', '11000970', 1, 2, '001', 'Racking'),
('08-23-2-2', '03-00328-1', 1, 324, '001', 'Racking'),
('08-23-2-3', '11000970', 1, 2, '001', 'Racking'),
('08-23-2-4', '03-00328-1', 1, 324, '001', 'Racking'),
('08-23-2-6', '03-00328-1', 1, 324, '001', 'Racking'),
('08-23-3-1', 'Corrugated xlg', 1, 1, '001', 'Racking'),
('08-23-3-2', 'Corrugated xlg', 1, 1, '001', 'Racking'),
('08-23-3-3', 'Corrugated xlg', 1, 1, '001', 'Racking'),
('08-23-3-4', 'Corrugated xlg', 1, 1, '001', 'Racking'),
('08-23-3-5', 'Corrugated xlg', 1, 1, '001', 'Racking'),
('08-23-3-6', 'Corrugated xlg', 1, 1, '001', 'Racking'),
('08-24-1-1', 'WPCHRED4', 2, 6000, '001', 'Racking'),
('08-24-2-3', '03-00301-1', 1, 405, '001', 'Racking'),
('08-25-1-1', 'FPSL2N STAND AND FRAME', 1, 1, '001', 'Racking'),
('08-25-2-1', 'FPSL2N STAND AND FRAME', 1, 1, '001', 'Racking'),
('08-25-3-1', 'FPSL2N STAND AND FRAME', 1, 1, '001', 'Racking'),
('08-26-2-1', 'WPCHRED4', 1, 6000, '001', 'Racking'),
('08-26-2-2', 'WPCHRED4', 2, 6000, '001', 'Racking'),
('08-26-3-1', 'Corrugated sm', 1, 1, '001', 'Racking'),
('08-26-3-2', 'Corrugated sm', 2, 2, '001', 'Racking'),
('08-27-1-1', 'Corrugated sm', 1, 1, '001', 'Racking'),
('08-27-1-2', 'Corrugated sm', 2, 2, '001', 'Racking'),
('08-28-2-1', 'Corrugated lg', 2, 1, '001', 'Racking'),
('08-28-2-2', 'Corrugated lg', 1, 1, '001', 'Racking'),
('08-28-3-1', 'Corrugated lg', 1, 1, '001', 'Racking'),
('08-28-3-2', 'Corrugated lg', 1, 1, '001', 'Racking'),
('08-28F', 'BP40', 22, 12, '001', 'Racking'),
('08-29-2-1', 'Corrugated lg', 1, 1, '001', 'Racking'),
('08-29-2-2', 'Corrugated lg', 1, 1, '001', 'Racking'),
('08-29-3-1', 'Corrugated lg', 1, 1, '001', 'Racking'),
('08-29-3-2', 'Corrugated lg', 2, 2, '001', 'Racking'),
('09-01-2-1', '12345-4', 1, 60, '001', 'Racking'),
('09-01-2-2', '12345-4', 1, 60, '001', 'Racking'),
('09-01-2-3', '12345-4', 1, 60, '001', 'Racking'),
('09-01-2-4', '12345-4', 1, 60, '001', 'Racking'),
('09-01-3-1', '12345-7', 1, 120, '001', 'Racking'),
('09-01-3-2', '12345-7', 1, 120, '001', 'Racking');
INSERT INTO `location` (`Location`, `SKU`, `Pallet_count`, `Loc_unit_count`, `Warehouse_ID`, `Location_type`) VALUES
('09-01-3-3', '12345-7', 1, 120, '001', 'Racking'),
('09-01-3-4', '12345-7', 1, 120, '001', 'Racking'),
('09-02-2-1', '12345-4', 1, 60, '001', 'Racking'),
('09-02-2-2', '12345-4', 1, 60, '001', 'Racking'),
('09-02-2-3', '12345-4', 1, 60, '001', 'Racking'),
('09-02-2-4', '12345-4', 1, 60, '001', 'Racking'),
('09-02-3-1', '12345-7', 1, 120, '001', 'Racking'),
('09-02-3-2', '12345-7', 1, 120, '001', 'Racking'),
('09-02-3-3', '12345-7', 1, 120, '001', 'Racking'),
('09-02-3-4', '12345-7', 1, 120, '001', 'Racking'),
('09-03-2-1', '12345-4', 1, 60, '001', 'Racking'),
('09-03-2-2', '12345-4', 1, 60, '001', 'Racking'),
('09-03-2-3', '12345-4', 1, 60, '001', 'Racking'),
('09-03-3-1', '12345-7', 1, 120, '001', 'Racking'),
('09-03-3-2', '12345-7', 1, 120, '001', 'Racking'),
('09-03-3-3', '12345-7', 1, 120, '001', 'Racking'),
('09-03-3-4', '12345-7', 1, 120, '001', 'Racking'),
('09-04-2-1', '12345-4', 1, 60, '001', 'Racking'),
('09-04-2-2', '12345-4', 2, 120, '001', 'Racking'),
('09-04-2-3', '12345-4', 1, 60, '001', 'Racking'),
('09-04-2-4', '12345-4', 1, 60, '001', 'Racking'),
('09-04-3-1', '12342-2', 1, 270, '001', 'Racking'),
('09-04-3-2', '12342-2', 1, 270, '001', 'Racking'),
('09-04-3-4', '12342-2', 1, 270, '001', 'Racking'),
('09-05-2-1', '12345-4', 1, 60, '001', 'Racking'),
('09-05-2-2', '12345-4', 1, 60, '001', 'Racking'),
('09-05-2-3', '12345-4', 1, 60, '001', 'Racking'),
('09-05-2-4', '12345-4', 1, 60, '001', 'Racking'),
('09-05-3-1', '12342-2', 1, 270, '001', 'Racking'),
('09-05-3-2', '12345-4', 1, 60, '001', 'Racking'),
('09-05-3-3-', '12342-2', 1, 270, '001', 'Racking'),
('09-05-3-4', '12345-4', 1, 60, '001', 'Racking'),
('09-06-2-1', '12345-4', 1, 60, '001', 'Racking'),
('09-06-2-2', '12345-4', 1, 60, '001', 'Racking'),
('09-06-2-3', '12345-4', 1, 60, '001', 'Racking'),
('09-06-2-4', '12345-4', 1, 60, '001', 'Racking'),
('09-06-3-1', '12345-7', 2, 216, '001', 'Racking'),
('09-06-3-2', '12345-4', 2, 120, '001', 'Racking'),
('10', 'PE4000-G', 4, 624, '001', 'Floor'),
('1019', 'GB251', 5, 96, '001', 'Floor'),
('1020', 'KS-0312', 1, 8, '001', 'Floor'),
('1021', '11000988', 4, 0, '001', 'Floor'),
('1022', 'WRAPPAKEX-BM', 10, 400, '001', 'Floor'),
('1023', 'GB40', 7, 90, '001', 'Floor'),
('1024', 'EMPTY CRATE', 6, 6, '001', 'Floor'),
('1025', 'GENIUS 5', 9, 3024, '001', 'Floor'),
('1026', '11000988', 5, 5, '001', 'Floor'),
('1027', 'GB251', 12, 288, '001', 'Floor'),
('1028', 'GB251', 14, 336, '001', 'Floor'),
('1029', 'KS0233', 8, 224, '001', 'Floor'),
('1031', '10001251', 4, 50, '001', 'Floor'),
('1032', 'GENIUS 2X4', 9, 648, '001', 'Floor'),
('1033', 'GENIUS PRO 25', 9, 288, '001', 'Floor'),
('1034', '03-00300-1', 5, 675, '001', 'Floor'),
('1035', '11000988', 6, 150, '001', 'Floor'),
('1036', '10000155', 9, 9, '001', 'Floor'),
('1037', 'GBC015', 10, 958, '001', 'Floor'),
('1038', 'GBC015', 12, 900, '001', 'Floor'),
('1039', 'GBC015', 14, 900, '001', 'Floor'),
('1040', 'GBC015', 9, 900, '001', 'Floor'),
('1041', 'GBC015', 9, 900, '001', 'Floor'),
('1042', 'GBC015', 9, 900, '001', 'Floor'),
('1043', 'GBC015', 10, 900, '001', 'Floor'),
('1044', 'GBC015', 9, 900, '001', 'Floor'),
('1045', 'GBC015', 16, 1200, '001', 'Floor'),
('1046', 'KS-0312', 8, 64, '001', 'Floor'),
('1048', 'GENIUS PRO 50', 14, 336, '001', 'Floor'),
('1049', 'GENIUS PRO 50', 12, 288, '001', 'Floor'),
('1050', 'GENIUS PRO 50', 12, 288, '001', 'Floor'),
('1051', 'GEN 5X3', 6, 960, '001', 'Floor'),
('1052', 'GB251', 12, 288, '001', 'Floor'),
('1053', 'GB251', 12, 288, '001', 'Floor'),
('1054', 'GB251', 12, 288, '001', 'Floor'),
('1056', 'GEN PRO 10X4', 4, 360, '001', 'Floor'),
('1057', 'GEN PRO 10X4', 6, 540, '001', 'Floor'),
('1058', 'GEN PRO 10X4', 8, 690, '001', 'Floor'),
('1059', 'GEN PRO 10X4', 8, 720, '001', 'Floor'),
('1060', 'GENIUS 1', 12, 5760, '001', 'Floor'),
('1061', 'GENIUS 1', 12, 5754, '001', 'Floor'),
('1062', 'GENIUS 1', 12, 5760, '001', 'Floor'),
('1063', 'GENIUS 1', 12, 5760, '001', 'Floor'),
('1064', 'GENIUS 1', 11, 5280, '001', 'Floor'),
('1065', 'GB251', 10, 240, '001', 'Floor'),
('1066', 'GEN 5X2', 12, 1920, '001', 'Floor'),
('1068', 'KP50C', 27, 42, '001', 'Floor'),
('1069', '10000670', 12, 12, '001', 'Floor'),
('1073', '11023564', 24, 24, '001', 'Floor'),
('1074', 'GWR400', 7, 0, '001', 'Floor'),
('1075', '10000670', 12, 12, '001', 'Floor'),
('1076', '10000670', 12, 12, '001', 'Floor'),
('1078', 'PAC11494', 7, 84, '001', 'Floor'),
('1079', 'PAC11494', 8, 96, '001', 'Floor'),
('1080', 'GB251', 12, 288, '001', 'Floor'),
('1081', 'GB251', 12, 288, '001', 'Floor'),
('1082', 'GB251', 12, 288, '001', 'Floor'),
('1083', 'GB251', 12, 288, '001', 'Floor'),
('1084', 'GEN 5X2', 7, 1120, '001', 'Floor'),
('1087', 'GBX55', 12, 2220, '001', 'Floor'),
('1088', 'GBX55', 12, 2640, '001', 'Floor'),
('1089', 'GBX55', 2, 204, '001', 'Floor'),
('1090', 'GBX75', 8, 1600, '001', 'Floor'),
('1091', 'GBX75', 8, 1600, '001', 'Floor'),
('1092', 'GENIUS 2X4', 13, 868, '001', 'Floor'),
('1093', 'GENIUS 2X4', 12, 864, '001', 'Floor'),
('1094', 'GENIUS 5', 12, 3996, '001', 'Floor'),
('1095', 'GENIUS PRO 50', 16, 384, '001', 'Floor'),
('1097', 'GENIUS PRO 50', 16, 384, '001', 'Floor'),
('1098', 'GENIUS 2X4', 12, 864, '001', 'Floor'),
('1099', 'GENIUS 5', 12, 4032, '001', 'Floor'),
('11', 'PE2400-G', 11, 1716, '001', 'Floor'),
('11-03-1-2', '20009-4', 1, 17, '001', 'Racking'),
('1100', 'GENIUS 5', 12, 4032, '001', 'Floor'),
('1101', 'GENIUS PRO 25', 9, 288, '001', 'Floor'),
('1102', 'GENIUS PRO 25', 10, 320, '001', 'Floor'),
('1103', 'GENIUS PRO 25', 10, 320, '001', 'Floor'),
('1104', 'GENIUS PRO 25', 12, 368, '001', 'Floor'),
('1105', 'GENIUS PRO 25', 14, 448, '001', 'Floor'),
('1106', 'GBC013', 11, 3024, '001', 'Floor'),
('1107', 'GBC013', 13, 84, '001', 'Floor'),
('1108', 'MA-0602', 8, 40, '001', 'Floor'),
('1109', 'GBC014', 12, 1912, '001', 'Floor'),
('1110', 'GBC014', 12, 1600, '001', 'Floor'),
('1111', 'GBC014', 13, 1840, '001', 'Floor'),
('1112', 'GBC014', 12, 1728, '001', 'Floor'),
('1113', 'GBC014', 12, 1728, '001', 'Floor'),
('1114', 'GENIUS PRO 25', 11, 352, '001', 'Floor'),
('1115', 'GENIUS 5', 10, 3360, '001', 'Floor'),
('1116', 'GENIUS 2', 12, 5760, '001', 'Floor'),
('1117', 'GENIUS PRO 50', 15, 360, '001', 'Floor'),
('1118', 'GENIUS PRO 50', 16, 384, '001', 'Floor'),
('1119', '03-00300-1', 12, 1620, '001', 'Floor'),
('1120', '03-00300-1', 12, 1620, '001', 'Floor'),
('1121', 'GBX75', 8, 1600, '001', 'Floor'),
('1122', '10001382', 12, 144, '001', 'Floor'),
('1123', '10001251', 6, 80, '001', 'Floor'),
('1124', 'GENIUS PRO 25', 11, 352, '001', 'Floor'),
('1125', 'GENIUS PRO 25', 5, 64, '001', 'Floor'),
('1126', 'GB40', 15, 1890, '001', 'Floor'),
('1127', '153311W', 13, 1040, '001', 'Floor'),
('1128', '153311W', 12, 960, '001', 'Floor'),
('1132', 'GENIUS 1', 12, 5760, '001', 'Floor'),
('1134', '11023564', 18, 18, '001', 'Floor'),
('1135', 'KP50C', 40, 40, '001', 'Floor'),
('1137', 'GBC014', 9, 1440, '001', 'Floor'),
('1138', 'GEN 5X3', 12, 1920, '001', 'Floor'),
('1139', 'GEN 5X3', 12, 1920, '001', 'Floor'),
('1140', 'GEN 5X3', 14, 1760, '001', 'Floor'),
('1141', '04174', 2, 168, '001', 'Floor'),
('1144', 'GENIUS 1', 16, 5760, '001', 'Floor'),
('1145', 'GENIUS 1', 13, 5760, '001', 'Floor'),
('1146', 'GBC013', 12, 3408, '001', 'Floor'),
('1147', 'GBC013', 14, 3408, '001', 'Floor'),
('1148', '10000562', 20, 20, '001', 'Floor'),
('1149', 'GENIUS 1', 12, 5760, '001', 'Floor'),
('1150', 'GENIUS 1', 12, 5760, '001', 'Floor'),
('1151', 'GENIUS 1', 12, 5760, '001', 'Floor'),
('1153', 'GEN 5X3', 8, 1280, '001', 'Floor'),
('1154', '153311W', 15, 1120, '001', 'Floor'),
('1155', 'GENIUS 2', 12, 5580, '001', 'Floor'),
('1157', 'GBC013', 12, 3456, '001', 'Floor'),
('1158', 'XGC4', 15, 4032, '001', 'Floor'),
('1162', '11002977', 11, 660, '001', 'Floor'),
('1163', '11002215', 4, 96, '001', 'Floor'),
('1164', 'GEN 5X3', 8, 1280, '001', 'Floor'),
('1165', 'GEN 5X3', 8, 1280, '001', 'Floor'),
('1166', 'GEN 5X3', 8, 1280, '001', 'Floor'),
('1168', '11002977', 12, 720, '001', 'Floor'),
('1169', 'GENIUS 1', 13, 5760, '001', 'Floor'),
('1170', 'GENIUS 1', 12, 5760, '001', 'Floor'),
('1171', 'GENIUS 1', 12, 5760, '001', 'Floor'),
('1172', '03-00300-1', 11, 1485, '001', 'Floor'),
('1173', '03-00300-1', 7, 135, '001', 'Floor'),
('1174', 'GB250', 12, 288, '001', 'Floor'),
('1175', 'GB250', 12, 288, '001', 'Floor'),
('1177', '11000999', 10, 100, '001', 'Floor'),
('1178', '11000999', 12, 120, '001', 'Floor'),
('1185', 'GENIUS 1', 13, 6000, '001', 'Floor'),
('1187', 'GENIUS 5', 13, 336, '001', 'Floor'),
('1189', 'GENIUS 1', 12, 5682, '001', 'Floor'),
('1190', 'GENIUS 1', 12, 5760, '001', 'Floor'),
('1191', 'GENIUS 1', 10, 4800, '001', 'Floor'),
('1192', 'GENIUS 1', 12, 5760, '001', 'Floor'),
('1193', 'GENIUS PRO 50', 16, 384, '001', 'Floor'),
('1197', 'GBC015', 12, 1200, '001', 'Floor'),
('1198', 'GBX75', 4, 1120, '001', 'Floor'),
('1199', 'GBX75', 4, 1120, '001', 'Floor'),
('12', 'PE2400-G', 6, 854, '001', 'Floor'),
('1200', 'GBX75', 3, 840, '001', 'Floor'),
('1201', 'GENIUS PRO 25', 12, 384, '001', 'Floor'),
('1202', 'GENIUS PRO 25', 12, 384, '001', 'Floor'),
('1203', 'GENIUS PRO 25', 12, 384, '001', 'Floor'),
('1204', 'GENIUS PRO 25', 12, 384, '001', 'Floor'),
('1205', 'GENIUS PRO 25', 12, 384, '001', 'Floor'),
('1206', 'GENIUS PRO 25', 12, 384, '001', 'Floor'),
('1207', 'GENIUS 2', 19, 5040, '001', 'Floor'),
('1208', 'GENIUS 2X4', 11, 758, '001', 'Floor'),
('1209', 'GENIUS PRO 50', 16, 384, '001', 'Floor'),
('1210', 'GENIUS PRO 50', 17, 404, '001', 'Floor'),
('1211', 'GENIUS PRO 50', 12, 288, '001', 'Floor'),
('1214', 'GENIUS 1', 12, 5760, '001', 'Floor'),
('1215', 'GENIUS 1', 12, 5280, '001', 'Floor'),
('1216', 'GENIUS 5', 12, 4032, '001', 'Floor'),
('1217', '01676W', 4, 192, '001', 'Floor'),
('1218', '01676W', 8, 370, '001', 'Floor'),
('1219', 'XGC4', 2, 576, '001', 'Floor'),
('1220', 'GBC014', 12, 1824, '001', 'Floor'),
('1221', 'GBC014', 15, 1536, '001', 'Floor'),
('1222', 'GENIUS PRO 50', 17, 408, '001', 'Floor'),
('1223', '04173W', 24, 414, '001', 'Floor'),
('1224', '04173W', 9, 486, '001', 'Floor'),
('1225', '04173W', 6, 324, '001', 'Floor'),
('1226', '04173W', 9, 486, '001', 'Floor'),
('1227', '04173W', 20, 432, '001', 'Floor'),
('1228', '10000670', 12, 12, '001', 'Floor'),
('1229', '10000670', 12, 12, '001', 'Floor'),
('1230', 'GENIUS PRO 50', 13, 296, '001', 'Floor'),
('1231', 'GBX75', 9, 1800, '001', 'Floor'),
('1234', 'GENIUS PRO 25', 12, 384, '001', 'Floor'),
('1235', 'GEN PRO 10X3', 8, 800, '001', 'Floor'),
('1236', 'GEN PRO 10X3', 8, 800, '001', 'Floor'),
('1237', 'GENIUS 2', 12, 5760, '001', 'Floor'),
('1242', 'GEN 5X3', 8, 960, '001', 'Floor'),
('1243', 'GENIUS PRO 50', 17, 408, '001', 'Floor'),
('1244', 'GEN PRO 10X4', 24, 700, '001', 'Floor'),
('1245', 'GENIUS 5', 12, 4032, '001', 'Floor'),
('1246', 'GENIUS 5', 17, 4032, '001', 'Floor'),
('1247', 'GENIUS PRO 50', 16, 384, '001', 'Floor'),
('1248', 'P-K50C15', 24, 12, '001', 'Floor'),
('1250', 'GENIUS PRO 25', 12, 384, '001', 'Floor'),
('1251', 'GENIUS PRO 25', 12, 384, '001', 'Floor'),
('1252', 'GENIUS PRO 25', 12, 384, '001', 'Floor'),
('1253', 'GENIUS PRO 25', 12, 384, '001', 'Floor'),
('1257', 'GEN PRO 10X3', 7, 656, '001', 'Floor'),
('1258', 'GEN 5X3', 10, 880, '001', 'Floor'),
('1260', 'GENIUS 1', 4, 1920, '001', 'Floor'),
('1261', 'GENIUS 1', 12, 5592, '001', 'Floor'),
('1262', '10000155', 5, 5, '001', 'Floor'),
('1265', 'GENIUS 1', 17, 5760, '001', 'Floor'),
('1266', 'GENIUS 1', 13, 5760, '001', 'Floor'),
('1267', 'GENIUS 1', 6, 2880, '001', 'Floor'),
('1268', '10000566', 19, 10, '001', 'Floor'),
('1269', '11000999', 13, 130, '001', 'Floor'),
('1278', 'GENIUS 5', 12, 4032, '001', 'Floor'),
('1279', 'GENIUS PRO 50', 15, 350, '001', 'Floor'),
('1280', '11000999', 9, 86, '001', 'Floor'),
('1281', '11000999', 2, 20, '001', 'Floor'),
('1282', '11000999', 12, 120, '001', 'Floor'),
('1283', '11000999', 9, 90, '001', 'Floor'),
('1285', 'GEN PRO 10X3', 8, 800, '001', 'Floor'),
('1286', 'GENIUS 5', 12, 4032, '001', 'Floor'),
('1287', 'GENIUS 5', 13, 3696, '001', 'Floor'),
('1288', 'GENIUS 5', 12, 3984, '001', 'Floor'),
('1289', 'GB10C', 9, 468, '001', 'Floor'),
('1290', 'GB10C', 24, 1152, '001', 'Floor'),
('1297', 'GBX75', 9, 1800, '001', 'Floor'),
('1298', 'GBX75', 8, 1600, '001', 'Floor'),
('1299', 'GENIUS 1', 12, 5682, '001', 'Floor'),
('13', 'PE2400-G', 9, 1404, '001', 'Floor'),
('13-03-3-1', 'cups', 1, 900, '001', 'Racking'),
('13-05-1-1', '12349-6', 1, 3, '001', 'Racking'),
('13-05-1-2', 'cups', 1, 515, '001', 'Racking'),
('13-06-1-2', '12355-7', 1, 93, '001', 'Racking'),
('13-06-2-1', 'Corrugated sm', 1, 1, '001', 'Racking'),
('13-07-3-2', 'cups', 1, 897, '001', 'Racking'),
('13-08-1-2', '12345-4', 1, 46, '001', 'Racking'),
('13-08-2-1', 'Samples', 1, 16, '001', 'Racking'),
('13-09-1-1', '12342-2', 2, 166, '001', 'Racking'),
('13-09-2-1', 'Corrugated lg', 1, 1, '001', 'Racking'),
('13-09-2-2', 'Corrugated med', 1, 1, '001', 'Racking'),
('13-09-3-2', 'Corrugated xlg', 1, 1, '001', 'Racking'),
('1300', 'GBC014', 12, 1920, '001', 'Floor'),
('1301', 'GBC014', 12, 1920, '001', 'Floor'),
('1302', 'GBC014', 13, 1920, '001', 'Floor'),
('1303', 'GBC014', 12, 1728, '001', 'Floor'),
('1305', '10000670', 4, 4, '001', 'Floor'),
('1307', '03483W', 9, 66, '001', 'Floor'),
('1308', '04067W', 8, 140, '001', 'Floor'),
('1311', 'GENIUS 5', 13, 4080, '001', 'Floor'),
('1312', 'GENIUS 5', 12, 4032, '001', 'Floor'),
('1313', 'GENIUS 5', 9, 3024, '001', 'Floor'),
('1314', 'GENIUS 1', 9, 4320, '001', 'Floor'),
('1316', '10000566', 10, 160, '001', 'Floor'),
('1317', '10000566', 12, 192, '001', 'Floor'),
('1318', 'GB250', 14, 288, '001', 'Floor'),
('1319', 'XGC4', 14, 4032, '001', 'Floor'),
('1322', 'GC040', 10, 1280, '001', 'Floor'),
('1323', 'GENIUS 5', 12, 4008, '001', 'Floor'),
('1326', 'GENIUS 1', 9, 4320, '001', 'Floor'),
('1327', 'GENIUS 1', 7, 564, '001', 'Floor'),
('1328', 'SIngle Serve Mustard', 7, 840, '001', 'Floor'),
('1329', 'GBX75', 7, 1960, '001', 'Floor'),
('1330', 'GBX75', 8, 2236, '001', 'Floor'),
('1331', 'GENIUS 2X4', 9, 864, '001', 'Floor'),
('1332', 'GENIUS 2X4', 12, 1152, '001', 'Floor'),
('1333', 'GENIUS 2X4', 12, 1152, '001', 'Floor'),
('1334', 'GENIUS 2X4', 12, 1152, '001', 'Floor'),
('1337', 'GEN 5X3', 5, 760, '001', 'Floor'),
('1342', 'GEN PRO 10X4', 9, 718, '001', 'Floor'),
('1347', 'GEN PRO 10X4', 4, 280, '001', 'Floor'),
('1349', '11023684', 27, 0, '001', 'Floor'),
('1351', '216180-S-057', 8, 126, '001', 'Floor'),
('1352', 'BULLNOSE W 6 HOOKS', 5, 126, '001', 'Floor'),
('1354', '216180-C-011', 12, 1368, '001', 'Floor'),
('1355', '217230-C-005', 14, 44, '001', 'Floor'),
('1356', 'GENIUS 2', 15, 5760, '001', 'Floor'),
('1357', 'GB40', 8, 5040, '001', 'Floor'),
('1358', 'GENIUS 2X2', 4, 968, '001', 'Floor'),
('1359', 'GENIUS 2X2', 6, 1460, '001', 'Floor'),
('1360', 'GENIUS 2X4', 3, 480, '001', 'Floor'),
('1361', '10001251', 3, 30, '001', 'Floor'),
('1362', 'GBX75', 4, 720, '001', 'Floor'),
('1363', 'GENIUS 2X2', 5, 722, '001', 'Floor'),
('1364', 'GENIUS 2X2', 12, 1440, '001', 'Floor'),
('1365', 'GEN 5X3', 4, 640, '001', 'Floor'),
('1366', 'XGC4', 10, 2880, '001', 'Floor'),
('1368', 'GENIUS 2', 12, 5760, '001', 'Floor'),
('1372', '11002480', 10, 50, '001', 'Floor'),
('1375', '10000670', 12, 12, '001', 'Floor'),
('1376', '10000670', 12, 12, '001', 'Floor'),
('1377', '10000670', 12, 12, '001', 'Floor'),
('1378', '11000999', 12, 120, '001', 'Floor'),
('1380', '11000999', 12, 120, '001', 'Floor'),
('1390', 'GBC015', 10, 1000, '001', 'Floor'),
('1395', '11025545', 4, 178, '001', 'Floor'),
('14', 'PE2400-G', 5, 315, '001', 'Floor'),
('14-01-1-2', '84692-6', 1, 126, '001', 'Racking'),
('14-01-2-1', 'WPCHCKWHT7', 2, 3840, '001', 'Racking'),
('14-01-2-2', 'WPCHCKWHT7', 1, 3840, '001', 'Racking'),
('14-01-2-3', 'WPCHCKWHT7', 1, 3840, '001', 'Racking'),
('14-01-2-4', 'WPCHCKWHT7', 1, 3840, '001', 'Racking'),
('14-01-3-1', '12345-4', 1, 60, '001', 'Racking'),
('14-01-3-2', '12345-4', 1, 56, '001', 'Racking'),
('14-01-3-3', '12345-4', 1, 60, '001', 'Racking'),
('14-01-3-4', '12345-4', 1, 60, '001', 'Racking'),
('14-02-1-1', 'WPCHWHT2', 2, 14000, '001', 'Racking'),
('14-02-1-2', '84692-0', 1, 0, '001', 'Racking'),
('14-02-1-3', 'WPCHWHT2', 2, 12000, '001', 'Racking'),
('14-02-1-4', '84692-0', 1, 0, '001', 'Racking'),
('14-02-2-1', 'WPCHCKWHT7', 1, 3840, '001', 'Racking'),
('14-02-2-2', 'WPCHCKWHT7', 1, 3840, '001', 'Racking'),
('14-02-2-3', 'WPCHCKWHT7', 1, 3840, '001', 'Racking'),
('14-02-2-4', 'WPCHCKWHT7', 1, 3840, '001', 'Racking'),
('14-02-3-1', 'WPCHWHT4-SP', 1, 7200, '001', 'Racking'),
('14-02-3-2', 'WPCHWHT4-SP', 1, 7200, '001', 'Racking'),
('14-02-3-3', 'WPCHWHT4-SP', 1, 7200, '001', 'Racking'),
('14-02-3-4', 'WPCHWHT4-SP', 1, 7200, '001', 'Racking'),
('14-03-1-1', 'WPCHWHT2', 1, 12000, '001', 'Racking'),
('14-03-1-2', '78551000015', 3, 7, '001', 'Racking'),
('14-03-1-3', 'WPCHWHT2', 3, 12000, '001', 'Racking'),
('14-03-1-4', '78551000015', 1, 50, '001', 'Racking'),
('14-03-2-1', '12345-7', 1, 109, '001', 'Racking'),
('14-03-3-1', 'WPCHWHT4-SP', 1, 7200, '001', 'Racking'),
('14-03-3-2', 'WPCHWHT4-SP', 1, 7200, '001', 'Racking'),
('14-03-3-3', 'WPCHWHT4-SP', 2, 7200, '001', 'Racking'),
('14-03-3-4', 'WPCHWHT4-SP', 2, 7200, '001', 'Racking'),
('14-04-1-2', '78551000015', 1, 50, '001', 'Racking'),
('14-04-1-4', '12345-7', 4, 120, '001', 'Racking'),
('14-04-2-1', '12345-7', 1, 120, '001', 'Racking'),
('14-04-2-2', '12345-7', 1, 120, '001', 'Racking'),
('14-04-2-4', '12345-7', 1, 120, '001', 'Racking'),
('14-04-3-1', 'WPCHWHT4-SP', 1, 7200, '001', 'Racking'),
('14-04-3-2', 'WPCHWHT4-SP', 1, 7200, '001', 'Racking'),
('14-04-3-3', 'WPCHWHT4-SP', 1, 7200, '001', 'Racking'),
('14-04-3-4', 'WPCHWHT4-SP', 1, 7200, '001', 'Racking'),
('14-05-1-1', '78551000015', 2, 0, '001', 'Racking'),
('14-05-1-3', '78551000015', 2, 100, '001', 'Racking'),
('14-05-1-4', '78551000015', 1, 50, '001', 'Racking'),
('14-05-2-1', 'MUSTARG GALLON', 1, 48, '001', 'Racking'),
('14-05-2-2', 'MUSTARG GALLON', 1, 48, '001', 'Racking'),
('14-05-2-3', 'MUSTARG GALLON', 1, 0, '001', 'Racking'),
('14-05-2-4', 'MUSTARG GALLON', 1, 48, '001', 'Racking'),
('14-05-3-1', 'WPCHWHT4-SP', 1, 7200, '001', 'Racking'),
('14-05-3-2', 'WPCHWHT4-SP', 1, 7200, '001', 'Racking'),
('14-05-3-3', 'WPCHWHT4-SP', 1, 7200, '001', 'Racking'),
('1409', 'GBC013', 9, 1998, '001', 'Floor'),
('1410', 'GENIUS 1', 12, 5760, '001', 'Floor'),
('1411', 'GB250', 11, 264, '001', 'Floor'),
('1412', 'GB250', 11, 264, '001', 'Floor'),
('1413', 'GB250', 12, 288, '001', 'Floor'),
('1414', 'GB250', 12, 288, '001', 'Floor'),
('1415', 'GENIUS PRO 25', 9, 288, '001', 'Floor'),
('1416', 'GENIUS PRO 25', 12, 384, '001', 'Floor'),
('1417', 'GWR400', 7, 84, '001', 'Floor'),
('1418', 'GWR400', 12, 144, '001', 'Floor'),
('1419', 'GWR400', 12, 12, '001', 'Floor'),
('1422', 'GBC014', 12, 1920, '001', 'Floor'),
('1423', '03-00318-1', 12, 1248, '001', 'Floor'),
('1424', '03-00318-1', 12, 1248, '001', 'Floor'),
('1425', 'GBC013', 12, 3456, '001', 'Floor'),
('1426', 'GB250', 12, 288, '001', 'Floor'),
('1430', '10000670', 12, 12, '001', 'Floor'),
('1431', '10000670', 12, 12, '001', 'Floor'),
('1432', '10000670', 12, 12, '001', 'Floor'),
('1433', '10000489', 10, 0, '001', 'Floor'),
('1434', '10000489', 10, 12, '001', 'Floor'),
('1435', '10000489', 12, 0, '001', 'Floor'),
('1436', '10000489', 12, 72, '001', 'Floor'),
('1437', '10000489', 12, 144, '001', 'Floor'),
('1438', '10000489', 12, 144, '001', 'Floor'),
('1439', '10000489', 12, 144, '001', 'Floor'),
('1440', '10000489', 11, 132, '001', 'Floor'),
('1441', '10000489', 12, 0, '001', 'Floor'),
('1442', '10000489', 8, 0, '001', 'Floor'),
('1443', '10000489', 11, 0, '001', 'Floor'),
('1445', 'GENIUS 1', 6, 2880, '001', 'Floor'),
('1446', 'GENIUS 1', 22, 5760, '001', 'Floor'),
('1447', '10000489', 9, 36, '001', 'Floor'),
('1448', 'GEN 5X2', 15, 160, '001', 'Floor'),
('1449', 'GENIUS 1', 12, 5760, '001', 'Floor'),
('1450', 'GC040', 12, 1536, '001', 'Floor'),
('1451', 'GC040', 12, 1536, '001', 'Floor'),
('1452', 'GC040', 12, 1536, '001', 'Floor'),
('1453', 'GC040', 12, 1536, '001', 'Floor'),
('1454', 'GC040', 7, 896, '001', 'Floor'),
('1455', 'GENIUS 2X2', 4, 960, '001', 'Floor'),
('1456', 'DSCK8', 7, 7, '001', 'Floor'),
('1457', 'DSCK8', 8, 8, '001', 'Floor'),
('1458', 'DSCK8', 20, 8, '001', 'Floor'),
('1459', 'GBC014', 5, 800, '001', 'Floor'),
('1460', '216180-K-074', 11, 2, '001', 'Floor'),
('1464', '220121-C-093', 3, 144, '001', 'Floor'),
('1465', '219054-F-001', 4, 32, '001', 'Floor'),
('1466', 'GBC015', 12, 1200, '001', 'Floor'),
('1467', '217009-F-003', 4, 9, '001', 'Floor'),
('1468', '218001-F-013', 5, 20, '001', 'Floor'),
('1469', '219054-F-001', 2, 85, '001', 'Floor'),
('1470', 'GBC015', 12, 1200, '001', 'Floor'),
('1471', 'GENIUS 5', 10, 3024, '001', 'Floor'),
('1472', 'GC040', 12, 1532, '001', 'Floor'),
('1473', 'GC040', 12, 1536, '001', 'Floor'),
('1479', 'GCOA-006-OH', 6, 38, '001', 'Floor'),
('1480', 'GCOA-006-OH', 6, 48, '001', 'Floor'),
('1481', 'GCOA-006-OH', 8, 64, '001', 'Floor'),
('1484', '10001382', 12, 144, '001', 'Floor'),
('1487', '10000155', 5, 5, '001', 'Floor'),
('1491', 'GC040', 5, 640, '001', 'Floor'),
('15-01-1-2', '103', 2, 101, '001', 'Racking'),
('15-01-2-1', '84692-6', 1, 126, '001', 'Racking'),
('15-01-2-2', '84692-6', 1, 50, '001', 'Racking'),
('15-02-1-1', 'SIngle Serve Mustard', 1, 70, '001', 'Racking'),
('15-02-1-2', 'SIngle Serve Mustard', 1, 120, '001', 'Racking'),
('15-02-2-1', '12345-4', 1, 60, '001', 'Racking'),
('15-02-2-2', '12349-6', 1, 120, '001', 'Racking'),
('15-02-2-4', '84692-6', 1, 126, '001', 'Racking'),
('15-03-1-2', '84692-6', 1, 126, '001', 'Racking'),
('15-03-2-1', 'MUSTARG GALLON', 1, 7, '001', 'Racking'),
('15-03-2-2', '84692-6', 1, 126, '001', 'Racking'),
('15-03-3-1', '12345-4', 1, 60, '001', 'Racking'),
('15-04-1-1', '84692-6', 1, 126, '001', 'Racking'),
('15-04-1-2', '84692-6', 1, 126, '001', 'Racking'),
('15-04-2-1', '84692-6', 1, 126, '001', 'Racking'),
('15-04-2-2', '84692-6', 1, 126, '001', 'Racking'),
('15-04-3-1', '12345-4', 2, 59, '001', 'Racking'),
('15-04-3-2', '12345-4', 1, 60, '001', 'Racking'),
('15-05-1-1', '84692-6', 1, 12, '001', 'Racking'),
('15-05-1-2', '84692-6', 4, 378, '001', 'Racking'),
('15-05-2-1', '84692-6', 1, 126, '001', 'Racking'),
('15-05-2-2', '12345-7', 1, 120, '001', 'Racking'),
('15-05-3-1', '12345-7', 1, 120, '001', 'Racking'),
('15-05-3-2', 'SIngle Serve Mustard', 1, 120, '001', 'Racking'),
('16-01-1-1', 'SIngle Serve Mustard', 1, 120, '001', 'Racking'),
('16-01-2-1', 'GENIUS 1', 1, 120, '001', 'Racking'),
('16-01-3-1', '5WH', 2, 6720, '001', 'Racking'),
('16-02-1-1', 'SIngle Serve Mustard', 1, 108, '001', 'Racking'),
('16-02-1-2', 'SIngle Serve Mustard', 1, 110, '001', 'Racking'),
('16-02-3-1', '5KR', 2, 6720, '001', 'Racking'),
('16-02-3-2', '5KH', 2, 6720, '001', 'Racking'),
('16-03-1-1', '84692-6', 1, 126, '001', 'Racking'),
('16-03-1-2', '84692-6', 1, 126, '001', 'Racking'),
('16-03-2-2', 'Retro', 2, 70, '001', 'Racking'),
('16-03-3-1', '5KR', 2, 6720, '001', 'Racking'),
('16-03-3-2', '5KH', 2, 6720, '001', 'Racking'),
('16-04-1-1', '84692-6', 1, 126, '001', 'Racking'),
('16-04-1-2', '84692-6', 2, 126, '001', 'Racking'),
('16-04-2-1', 'MUSTARG GALLON', 1, 8, '001', 'Racking'),
('16-04-2-2', 'MUSTARG GALLON', 1, 48, '001', 'Racking'),
('16-04-3-1', '5KR', 2, 6720, '001', 'Racking'),
('16-04-3-2', '5KH', 2, 6720, '001', 'Racking'),
('16-05-1-1', '84692-6', 1, 126, '001', 'Racking'),
('16-05-1-2', '84692-6', 1, 126, '001', 'Racking'),
('16-05-2-1', 'GENIUS 1', 1, 70, '001', 'Racking'),
('16-05-2-4', '84692-6', 1, 126, '001', 'Racking'),
('16-05-3-2', '84692-6', 1, 126, '001', 'Racking'),
('17-01-1-1', '#1', 1, 20, '001', 'Racking'),
('17-01-1-2', 'WPCHRED4', 1, 3125, '001', 'Racking'),
('17-01-2-1', 'KS7006', 1, 1, '001', 'Racking'),
('17-01-2-2', 'KS7006', 1, 1, '001', 'Racking'),
('17-01-2-3', 'KS7006', 1, 1, '001', 'Racking'),
('17-01-3-1', '5WR', 2, 6720, '001', 'Racking'),
('17-01-3-2', '5WR', 2, 6720, '001', 'Racking'),
('17-02-1-1', 'WPCHCKWHT7', 1, 2080, '001', 'Racking'),
('17-02-2-1', '0 1/2', 1, 4, '001', 'Racking'),
('17-02-2-2', 'MA-0602', 1, 5, '001', 'Racking'),
('17-02-3-1', '5KR', 2, 6720, '001', 'Racking'),
('17-02-3-2', 'CAN1KH', 2, 23940, '001', 'Racking'),
('17-03-1-1', 'F', 1, 17, '001', 'Racking'),
('17-03-2-1', 'KS7006', 1, 1, '001', 'Racking'),
('17-03-2-2', 'KS7006', 1, 1, '001', 'Racking'),
('17-03-2-3', 'KS7006', 1, 1, '001', 'Racking'),
('17-03-3-1', '5WR', 2, 6720, '001', 'Racking'),
('17-03-3-2', '5WR', 2, 6720, '001', 'Racking'),
('17-04-2-1', 'KS7006', 1, 1, '001', 'Racking'),
('17-04-2-2', 'KS7006', 1, 1, '001', 'Racking'),
('17-04-3-1', '5WR', 2, 6720, '001', 'Racking'),
('17-04-3-2', 'CAN1KH', 2, 27360, '001', 'Racking'),
('17-05-1-1', '0 3/4', 1, 48, '001', 'Racking'),
('17-05-2-1', 'WPCHRED4', 1, 6000, '001', 'Racking'),
('17-05-2-2', 'WPCHRED4', 1, 6000, '001', 'Racking'),
('17-05-3-1', '5KH', 2, 6720, '001', 'Racking'),
('17-05-3-2', '5KH', 1, 3360, '001', 'Racking'),
('18-01-4-2', 'TV8901 005', 1, 17, '001', 'Racking'),
('18-02-1-1', 'YELLOW 5 GAL', 1, 24, '001', 'Racking'),
('18-02-1-2', 'YELLOW 5 GAL', 1, 7, '001', 'Racking'),
('18-02-2-1', 'WHITE 5 GAL', 1, 24, '001', 'Racking'),
('18-02-2-2', 'YELLOW 5 GAL', 1, 24, '001', 'Racking'),
('18-02-3-1', 'YELLOW 5 GAL', 1, 24, '001', 'Racking'),
('18-02-3-2', 'YELLOW 5 GAL', 1, 24, '001', 'Racking'),
('18-02-4-1', 'YELLOW 5 GAL', 1, 24, '001', 'Racking'),
('18-02-4-2', 'YELLOW 5 GAL', 2, 24, '001', 'Racking'),
('18-03-1-1', 'WHITE 5 GAL', 1, 24, '001', 'Racking'),
('18-03-1-2', 'WHITE 5 GAL', 1, 23, '001', 'Racking'),
('18-03-2-1', 'YELLOW 5 GAL', 1, 24, '001', 'Racking'),
('18-03-2-2', 'YELLOW 5 GAL', 1, 24, '001', 'Racking'),
('18-03-3-1', 'WHITE 5 GAL', 1, 24, '001', 'Racking'),
('18-03-3-2', 'WHITE 5 GAL', 1, 24, '001', 'Racking'),
('18-03-4-1', 'WHITE 5 GAL', 1, 24, '001', 'Racking'),
('18-03-4-2', 'YELLOW 5 GAL', 1, 24, '001', 'Racking'),
('19-01-1-1', 'WHITE 5 GAL', 1, 18, '001', 'Racking'),
('19-01-2-2', 'PS5009A-G', 1, 48, '001', 'Racking'),
('19-02-1-2', 'MP2285-Q', 2, 64, '001', 'Racking'),
('19-02-2-1', 'MP2445-Q', 1, 153, '001', 'Racking'),
('19-02-3-1', 'CR22AF-Q', 1, 177, '001', 'Racking'),
('19-02-3-2', 'MP2275-Q', 1, 98, '001', 'Racking'),
('19-03-1-1', 'MP2265-Q', 1, 194, '001', 'Racking'),
('19-03-1-2', '9270-3.75', 1, 124, '001', 'Racking'),
('19-03-2-1', 'MP2265-Q', 1, 600, '001', 'Racking'),
('19-03-2-2', '9270-3.75', 4, 158, '001', 'Racking'),
('19-03-3-1', 'CR22FEE-P', 1, 229, '001', 'Racking'),
('19-03-3-2', '9092-G', 2, 5, '001', 'Racking'),
('19-04-1-1', '9082-P', 1, 308, '001', 'Racking'),
('19-04-1-2', '9276-001', 1, 6, '001', 'Racking'),
('19-04-2-2', 'PS5008B-Q', 1, 95, '001', 'Racking'),
('19-04-3-1', '9338-Q', 1, 63, '001', 'Racking'),
('19-05-1-1', 'PE1900-G', 1, 18, '001', 'Racking'),
('19-05-2-1', 'CRV22-G', 2, 136, '001', 'Racking'),
('19-05-3-2', 'TH0605-G', 2, 5, '001', 'Racking'),
('20-01-1-1', '9218-001', 1, 312, '001', 'Racking'),
('20-01-1-2', '9217-001', 1, 8, '001', 'Racking'),
('20-01-2-2', '9229-001', 1, 9, '001', 'Racking'),
('20-01-3-1', '9227-001', 1, 325, '001', 'Racking'),
('20-01-3-2', '9221-001', 1, 9, '001', 'Racking'),
('20-01-4-1', '9092-P', 2, 1034, '001', 'Racking'),
('20-01-4-2', '9092-P', 2, 9, '001', 'Racking'),
('20-02-1-2', 'BDRD01-G', 1, 76, '001', 'Racking'),
('20-02-3-1', '9226-001', 1, 4, '001', 'Racking'),
('20-02-3-2', '9336-Q', 1, 52, '001', 'Racking'),
('20-02-4-1', '9228-001', 1, 264, '001', 'Racking'),
('20-02-4-2', 'MP2465-Q', 1, 58, '001', 'Racking'),
('20-03-1-1', 'EZ600B-Q', 2, 30, '001', 'Racking'),
('20-03-1-2', 'TH07185-G', 1, 10, '001', 'Racking'),
('20-03-2-1', '9225-001', 1, 84, '001', 'Racking'),
('20-03-2-2', '9341-G', 1, 59, '001', 'Racking'),
('20-03-3-1', '9082-Q', 1, 95, '001', 'Racking'),
('20-03-3-2', '9224-001', 1, 112, '001', 'Racking'),
('20-03-4-2', '9208-001', 1, 163, '001', 'Racking'),
('20-04-1-1', '9700-G', 1, 78, '001', 'Racking'),
('20-04-2-1', '9232-001', 1, 23, '001', 'Racking'),
('20-04-3-1', '9223-001', 1, 279, '001', 'Racking'),
('20-04-3-2', '9302-001', 1, 207, '001', 'Racking'),
('20-04-4-1', '9215-001', 1, 13, '001', 'Racking'),
('20-05-1-1', '9203-3.75', 1, 76, '001', 'Racking'),
('20-05-1-2', '9237-0.5', 1, 634, '001', 'Racking'),
('20-05-2-1', '9316-001', 2, 251, '001', 'Racking'),
('20-05-2-2', '9222-001', 2, 68, '001', 'Racking'),
('20-05-3-1', '9255-0.5', 1, 277, '001', 'Racking'),
('20-05-3-2', '9320-001', 1, 423, '001', 'Racking'),
('20-05-4-2', '9240-001', 1, 90, '001', 'Racking'),
('20-06-1-1', '9261-0.5', 1, 242, '001', 'Racking'),
('20-06-1-2', 'PS3044-G', 1, 2, '001', 'Racking'),
('20-06-2-2', '9268-001', 1, 13, '001', 'Racking'),
('20-06-3-1', '9257-0.5', 1, 51, '001', 'Racking'),
('20-06-4-2', '9213-001', 3, 152, '001', 'Racking'),
('20-07-1-1', '9206-3.75', 1, 129, '001', 'Racking'),
('20-07-1-2', '9233-001', 1, 452, '001', 'Racking'),
('20-07-2-1', 'MP4085-Q', 3, 355, '001', 'Racking'),
('20-07-2-2', 'CR22AM-Q', 1, 53, '001', 'Racking'),
('20-07-3-1', '9233-001', 1, 212, '001', 'Racking'),
('20-07-3-2', '9314-001', 1, 21, '001', 'Racking'),
('20-07-4-1', '9269-001', 1, 8, '001', 'Racking'),
('20-08-1-1', 'EZ601A-G', 1, 30, '001', 'Racking'),
('20-08-1-2', '9095-2.5', 2, 205, '001', 'Racking'),
('20-08-2-1', '9266-0.5', 1, 357, '001', 'Racking'),
('20-08-2-2', '9092-Q', 2, 158, '001', 'Racking'),
('20-08-4-1', '9258-0.5', 2, 546, '001', 'Racking'),
('20-08-4-2', '9235-001', 1, 211, '001', 'Racking'),
('20-09-1-1', '1156-G', 3, 194, '001', 'Racking'),
('20-09-2-1', '9091-P', 1, 19, '001', 'Racking'),
('20-09-3-2', '9254-001', 1, 60, '001', 'Racking'),
('20-09-4-1', 'TH07160-G', 2, 333, '001', 'Racking'),
('20-09-4-2', 'MP4065-Q', 1, 37, '001', 'Racking'),
('20-10-1-1', '9201-3.75', 1, 14, '001', 'Racking'),
('20-10-1-2', '9205-3.75', 2, 186, '001', 'Racking'),
('20-10-2-2', '9701-Q', 1, 50, '001', 'Racking'),
('20-11-1-1', 'PE2600-5L', 1, 1, '001', 'Racking'),
('20-11-1-2', '9336-G', 1, 35, '001', 'Racking'),
('20-11-2-1', '9299-3.75', 1, 12, '001', 'Racking'),
('20-11-3-1', 'BDRD02-G', 1, 153, '001', 'Racking'),
('20-11-3-2', '9250-001', 2, 407, '001', 'Racking'),
('20-11-4-2', '9271-3.75', 1, 119, '001', 'Racking'),
('20-12-1-1', 'TH0885-G', 2, 25, '001', 'Racking'),
('20-12-1-2', '9302-3.75', 1, 82, '001', 'Racking'),
('20-12-2-1', '9225-3.75', 1, 47, '001', 'Racking'),
('20-12-2-2', '9306-0.5', 1, 38, '001', 'Racking'),
('20-12-3-1', '9248-001', 1, 86, '001', 'Racking'),
('20-12-3-2', '9282-001', 1, 137, '001', 'Racking'),
('20-12-4-1', '9093-P', 2, 134, '001', 'Racking'),
('20-12-4-2', '9245-001', 1, 68, '001', 'Racking'),
('20-13-1-1', '9337-G', 1, 43, '001', 'Racking'),
('20-13-1-2', '9702-G', 1, 61, '001', 'Racking'),
('20-13-2-1', '9317-0.5', 1, 5, '001', 'Racking'),
('20-13-2-2', '9312-001', 1, 272, '001', 'Racking'),
('20-13-3-1', '9318-0.5', 1, 3, '001', 'Racking'),
('20-13-3-2', '9310-001', 1, 156, '001', 'Racking'),
('20-14-1-1', 'EZ603A-G', 1, 28, '001', 'Racking'),
('20-14-2-1', '9313-001', 1, 411, '001', 'Racking'),
('20-14-2-2', 'PS3042-G', 1, 78, '001', 'Racking'),
('20-14-3-1', '9319-0.5', 1, 370, '001', 'Racking'),
('20-14-3-2', '9315-001', 1, 452, '001', 'Racking'),
('20-15-1-1', '9347-G', 1, 3, '001', 'Racking'),
('20-15-1-2', 'PA3040E-G', 1, 56, '001', 'Racking'),
('20-15-2-1', 'TH5950-G', 1, 32, '001', 'Racking'),
('20-15-2-2', 'PE2100-5L', 1, 68, '001', 'Racking'),
('20-15-3-1', '9311-001', 3, 201, '001', 'Racking'),
('20-16-1-1', '1056-3.75', 2, 86, '001', 'Racking'),
('20-16-1-2', '9338-G', 1, 73, '001', 'Racking'),
('20-16-2-1', 'TH07175-G', 1, 26, '001', 'Racking'),
('20-17-1-1', '9704-G', 1, 8, '001', 'Racking'),
('20-17-1-2', 'EZ543-Q', 1, 117, '001', 'Racking'),
('20-17-2-1', '9707-005', 1, 52, '001', 'Racking'),
('20-17-3-1', 'PE2200-G', 1, 134, '001', 'Racking'),
('20-17-3-2', 'MP2175-2.5L', 1, 2, '001', 'Racking'),
('20-18-1-1', 'PE2400-G', 1, 150, '001', 'Racking'),
('20-18-2-1', 'MP2475-Q', 2, 507, '001', 'Racking'),
('20-18-2-2', '9701-G', 2, 206, '001', 'Racking'),
('20-18-3-1', 'CR22ACC-P', 1, 24, '001', 'Racking'),
('20-19-1-1', '9091-G', 2, 46, '001', 'Racking'),
('20-19-2-1', 'TH0870-G', 1, 4, '001', 'Racking'),
('20-19-3-1', 'TH0895-G', 2, 43, '001', 'Racking'),
('20-20-1-1', '9202-3.75', 1, 144, '001', 'Racking'),
('20-20-1-2', '9204-3.75', 2, 222, '001', 'Racking'),
('20-20-2-1', '9091-Q', 1, 4, '001', 'Racking'),
('20-20-2-2', '9093-Q', 1, 36, '001', 'Racking'),
('20-21-1-1', '1158-G', 1, 32, '001', 'Racking'),
('20-21-1-2', '1157-G', 1, 31, '001', 'Racking'),
('20-21-2-1', '1158-Q', 1, 285, '001', 'Racking'),
('20-21-2-2', 'EZ317AN-Q', 1, 4, '001', 'Racking'),
('25-01-1-1', 'WR2448.25 5.55.25', 1, 5, '001', 'Racking'),
('25-01-1-2', 'WR2448.25 5.55.25', 1, 5, '001', 'Racking'),
('25-02-1-1', 'WR2448.25 5.55.25', 1, 5, '001', 'Racking'),
('25-02-1-2', 'WR2448.25 5.55.25', 1, 5, '001', 'Racking'),
('25-03-1-1', 'WR2448.25 5.55.25', 1, 5, '001', 'Racking'),
('25-03-1-2', 'WR2448.25 5.55.25', 1, 1, '001', 'Racking'),
('25-04-1-1', 'WR2448.25 5.55.25', 1, 5, '001', 'Racking'),
('25-04-1-2', 'WR2448.25 5.55.25', 1, 5, '001', 'Racking'),
('25-05-1-1', 'WR2448.25 5.55.25', 1, 5, '001', 'Racking'),
('25-05-1-2', 'WR2448.25 5.55.25', 1, 5, '001', 'Racking'),
('25-06-1-1', 'WR2448.25 5.55.25', 1, 5, '001', 'Racking'),
('25-06-1-2', 'WR2448.25 5.55.25', 1, 5, '001', 'Racking'),
('25-07-1-1', 'WR2448.25 5.55.25', 1, 5, '001', 'Racking'),
('25-07-1-2', 'WR2448.25 5.55.25', 1, 5, '001', 'Racking'),
('25-08-1-1', 'WR2448.25 5.55.25', 1, 5, '001', 'Racking'),
('25-08-1-2', 'WR2448.25 5.55.25', 1, 5, '001', 'Racking'),
('25-09-1-1', 'WR2448.25 5.55.25', 1, 5, '001', 'Racking'),
('25-09-1-2', 'WR2448.25 5.55.25', 1, 5, '001', 'Racking'),
('25-10-1-1', 'WR2448.25 5.55.25', 1, 5, '001', 'Racking'),
('25-10-1-2', 'WR2448.25 5.55.25', 1, 5, '001', 'Racking'),
('25-11-1-1', 'WR2448.25 5.55.25', 1, 5, '001', 'Racking'),
('25-11-1-2', 'WR2448.25 5.55.25', 1, 5, '001', 'Racking'),
('25-12-1-2', 'WR2448.25 5.55.25', 1, 5, '001', 'Racking'),
('25-13-1-1', 'WR2448.25 5.55.25', 1, 1, '001', 'Racking'),
('25-13-1-2', 'WR2448.25 5.55.25', 1, 5, '001', 'Racking'),
('25-14-1-1', 'WR2448.25 5.55.25', 1, 5, '001', 'Racking'),
('25-14-1-2', 'WR2448.25 5.55.25', 1, 5, '001', 'Racking'),
('25-15-1-1', 'WR2448.25 5.55.25', 1, 5, '001', 'Racking'),
('25-15-1-2', 'WR2448.25 5.55.25', 1, 1, '001', 'Racking'),
('A1', '11002215', 2, 72, '002', 'Floor'),
('A2', '11002215', 2, 72, '002', 'Floor'),
('A27', '11002215', 2, 48, '002', 'Floor'),
('A28', '11002215', 1, 36, '002', 'Floor'),
('A29', '11002215', 4, 144, '002', 'Floor'),
('A3', '11002215', 2, 72, '002', 'Floor'),
('A30', '11002215', 3, 108, '002', 'Floor'),
('A31', '11002215', 3, 108, '002', 'Floor'),
('A32', '11002215', 2, 72, '002', 'Floor'),
('A35', '11002215', 1, 36, '002', 'Floor'),
('A36', '11002215', 1, 36, '002', 'Floor'),
('A37', '11002215', 1, 36, '002', 'Floor'),
('A38', '11002215', 1, 36, '002', 'Floor'),
('C28', 'A24376', 9, 1296, '002', 'Floor'),
('C29', 'A24376', 9, 1296, '002', 'Floor'),
('C30', 'A24376', 9, 1296, '002', 'Floor'),
('D1', '81-12059C', 8, 2496, '002', 'Floor'),
('D10', '88376', 2, 252, '002', 'Floor'),
('D11', 'A28824', 9, 1760, '002', 'Floor'),
('D12', 'A63776', 6, 288, '002', 'Floor'),
('D13', 'A17110', 7, 1168, '002', 'Floor'),
('D14', '81-20368', 4, 1920, '002', 'Floor'),
('D15', '15876', 3, 180, '002', 'Floor'),
('D16', '86175', 5, 1800, '002', 'Floor'),
('D17', '86175', 6, 2160, '002', 'Floor'),
('D18', '64677', 2, 336, '002', 'Floor'),
('D19', '81-20382', 5, 2844, '002', 'Floor'),
('D2', '81-28395', 2, 2088, '002', 'Floor'),
('D20', '86376', 10, 2550, '002', 'Floor'),
('D21', '81-22485', 7, 1584, '002', 'Floor'),
('D22', '86375', 4, 1080, '002', 'Floor'),
('D23', '81-22485', 2, 2016, '002', 'Floor'),
('D24', 'A23376', 7, 1068, '002', 'Floor'),
('D25', '15274', 4, 360, '002', 'Floor'),
('D26', '15876', 8, 1440, '002', 'Floor'),
('D27', '15724', 12, 864, '002', 'Floor'),
('D28', '15274', 8, 96, '002', 'Floor'),
('D29', '15274', 10, 792, '002', 'Floor'),
('D3', '27007-200', 8, 3744, '002', 'Floor'),
('D30', '81-22904', 9, 1332, '002', 'Floor'),
('D31', '80-15750', 5, 1470, '002', 'Floor'),
('D32', '56005-200', 1, 3144, '002', 'Floor'),
('D33', '86124-4', 7, 2100, '002', 'Floor'),
('D34', '55001-400', 1, 228, '002', 'Floor'),
('D35', '15876', 7, 180, '002', 'Floor'),
('D36', '15824', 6, 1080, '002', 'Floor'),
('D37', '15824', 12, 1980, '002', 'Floor'),
('D38', '15824', 8, 1440, '002', 'Floor'),
('D39', '65210', 8, 2304, '002', 'Floor'),
('D4', '81-8168', 1, 720, '002', 'Floor'),
('D40', '65210', 9, 2592, '002', 'Floor'),
('D41', '65210', 3, 996, '002', 'Floor'),
('D42', 'A28800', 9, 1728, '002', 'Floor'),
('D43', 'A28800', 9, 1728, '002', 'Floor'),
('D44', '85176', 9, 1800, '002', 'Floor'),
('D46', '15724', 8, 168, '002', 'Floor'),
('D47', '56006-201', 4, 3918, '002', 'Floor'),
('D5', '81-33825', 7, 9600, '002', 'Floor'),
('D6', '81-28395', 3, 1080, '002', 'Floor'),
('D7', '81-30237', 4, 1620, '002', 'Floor'),
('D8', '22942-400', 2, 1248, '002', 'Floor'),
('D9', '81-20399', 8, 756, '002', 'Floor'),
('E1', '46310', 10, 13560, '002', 'Floor'),
('E10', '15876', 12, 2160, '002', 'Floor'),
('E100', '10000155', 163, 32, '002', 'Floor'),
('E11', '15876', 12, 2154, '002', 'Floor'),
('E12', '15876', 11, 1980, '002', 'Floor'),
('E13', '22670', 9, 1200, '002', 'Floor'),
('E14', '22670', 9, 1296, '002', 'Floor'),
('E15', '22670', 9, 1292, '002', 'Floor'),
('E16', '81-3330', 11, 2992, '002', 'Floor'),
('E17', '81-3330', 8, 1956, '002', 'Floor'),
('E18', 'A22020-200', 7, 3360, '002', 'Floor'),
('E19', '81-33825', 4, 9600, '002', 'Floor'),
('E2', 'A28810', 9, 1656, '002', 'Floor'),
('E20', '22009-I04', 4, 2784, '002', 'Floor'),
('E21', '22040-200', 8, 4608, '002', 'Floor'),
('E22', '22040-200', 8, 4608, '002', 'Floor'),
('E23', '22040-200', 8, 3456, '002', 'Floor'),
('E24', '22040-200', 9, 5184, '002', 'Floor'),
('E25', '22040-200', 9, 5184, '002', 'Floor'),
('E26', '22040-200', 8, 4608, '002', 'Floor'),
('E27', '22040-200', 7, 576, '002', 'Floor'),
('E28', 'A28878', 9, 1728, '002', 'Floor'),
('E29', '15274', 10, 72, '002', 'Floor'),
('E3', 'A28810', 9, 1728, '002', 'Floor'),
('E30', 'A28878', 5, 960, '002', 'Floor'),
('E31', 'A28878', 12, 2304, '002', 'Floor'),
('E32', '81-34440', 8, 912, '002', 'Floor'),
('E33', '81-18945', 9, 960, '002', 'Floor'),
('E34', '15776', 16, 792, '002', 'Floor'),
('E35', '15776', 12, 864, '002', 'Floor'),
('E36', '15776', 10, 720, '002', 'Floor'),
('E37', '15776', 2, 156, '002', 'Floor'),
('E38', 'A75076', 3, 456, '002', 'Floor'),
('E39', 'A28800', 5, 960, '002', 'Floor'),
('E4', 'A28810', 8, 1300, '002', 'Floor'),
('E41', '55001-400', 5, 1128, '002', 'Floor'),
('E42', '55000-300', 2, 680, '002', 'Floor'),
('E43', '80-5101P', 4, 1938, '002', 'Floor'),
('E44', '81-22881', 2, 2232, '002', 'Floor'),
('E45', '51050', 1, 31512, '002', 'Floor'),
('E46', 'A93313', 5, 360, '002', 'Floor'),
('E5', 'A28810', 4, 768, '002', 'Floor'),
('E6', '13017-400', 8, 1680, '002', 'Floor'),
('E7', '13017-400', 6, 200, '002', 'Floor'),
('E8', 'A23450', 11, 210, '002', 'Floor'),
('E9', 'A24250', 8, 3126, '002', 'Floor'),
('F1', '15724', 11, 6, '002', 'Floor'),
('F10', '88376', 6, 1512, '002', 'Floor'),
('F11', '88376', 9, 2268, '002', 'Floor'),
('F12', '88376', 4, 888, '002', 'Floor'),
('F13', 'A22476', 5, 10242, '002', 'Floor'),
('F14', '81-3316', 8, 2176, '002', 'Floor'),
('F15', '81-3316', 12, 3264, '002', 'Floor'),
('F16', 'A24376', 11, 1506, '002', 'Floor'),
('F17', 'A24376', 11, 1578, '002', 'Floor'),
('F18', 'A24376', 6, 864, '002', 'Floor'),
('F19', '02650', 8, 2276, '002', 'Floor'),
('F2', '81-34259', 10, 1200, '002', 'Floor'),
('F20', 'A28800', 9, 1728, '002', 'Floor'),
('F21', 'A28800', 9, 1728, '002', 'Floor'),
('F22', 'A28800', 7, 1344, '002', 'Floor'),
('F23', 'A28800', 9, 1728, '002', 'Floor'),
('F24', 'A28800', 9, 1728, '002', 'Floor'),
('F25', 'A28800', 9, 1728, '002', 'Floor'),
('F26', 'A28800', 8, 1536, '002', 'Floor'),
('F27', '65278', 5, 300, '002', 'Floor'),
('F28', '44004-500', 5, 180, '002', 'Floor'),
('F29', '22010-I04', 5, 3984, '002', 'Floor'),
('F3', '37510', 4, 2040, '002', 'Floor'),
('F30', '81-22454', 4, 3456, '002', 'Floor'),
('F31', '13740', 10, 11100, '002', 'Floor'),
('F32', '81-34440', 7, 7968, '002', 'Floor'),
('F33', '81-18945', 4, 768, '002', 'Floor'),
('F34', '81-18945', 4, 768, '002', 'Floor'),
('F35', '81-18945', 9, 1728, '002', 'Floor'),
('F36', '81-18945', 2, 384, '002', 'Floor'),
('F37', '15976', 12, 1296, '002', 'Floor'),
('F38', '15976', 12, 1296, '002', 'Floor'),
('F39', '15976', 12, 1296, '002', 'Floor'),
('F4', 'A93313', 8, 576, '002', 'Floor'),
('F40', '15976', 12, 1296, '002', 'Floor'),
('F41', '15976', 12, 1296, '002', 'Floor'),
('F42', '15976', 12, 1296, '002', 'Floor'),
('F43', '15976', 6, 648, '002', 'Floor'),
('F44', '46310', 7, 3744, '002', 'Floor'),
('F45', '22013-200', 6, 3888, '002', 'Floor'),
('F46', '151800', 4, 4, '002', 'Floor'),
('F47', '151800', 4, 2, '002', 'Floor'),
('F48', '151800', 1, 1, '002', 'Floor'),
('F5', '65210', 7, 2670, '002', 'Floor'),
('F50', '151800', 1, 1, '002', 'Floor'),
('F6', '81-2968', 4, 1088, '002', 'Floor'),
('F7', '81-2968', 11, 3604, '002', 'Floor'),
('F8', '81-2968', 10, 2720, '002', 'Floor'),
('F9', '88376', 7, 1764, '002', 'Floor'),
('G1', '10000670', 15, 15, '002', 'Floor'),
('G10', '10000670', 19, 19, '002', 'Floor'),
('G11', '10000670', 18, 18, '002', 'Floor'),
('G12', '10000670', 18, 18, '002', 'Floor'),
('G13', '10000670', 18, 18, '002', 'Floor'),
('G14', '10001382', 20, 240, '002', 'Floor'),
('G15', '10001382', 20, 240, '002', 'Floor'),
('G16', '10000155', 18, 1, '002', 'Floor'),
('G17', '10000670', 17, 17, '002', 'Floor'),
('G18', 'A22020-200', 2, 816, '002', 'Floor'),
('G2', '10000670', 18, 18, '002', 'Floor'),
('G20', '10000155', 12, 12, '002', 'Floor'),
('G21', '10000155', 12, 12, '002', 'Floor'),
('G24', '10000670', 15, 15, '002', 'Floor'),
('G25', '10000670', 13, 13, '002', 'Floor'),
('G3', '10000670', 18, 18, '002', 'Floor'),
('G4', '10000670', 18, 18, '002', 'Floor'),
('G5', '10000670', 15, 15, '002', 'Floor'),
('G6', '10000155', 18, 17, '002', 'Floor'),
('G7', '10000155', 15, 15, '002', 'Floor'),
('G8', '10000155', 15, 15, '002', 'Floor'),
('G9', '10000155', 16, 16, '002', 'Floor'),
('HZ1', '11023564', 62, 2, '001', 'Floor'),
('HZ3', '11023564', 50, 50, '001', 'Floor'),
('HZ4', '11023564', 13, 13, '001', 'Floor'),
('HZ5', '11023564', 2, 2, '001', 'Floor'),
('HZ6', 'P-K50C', 48, 48, '001', 'Floor'),
('HZ7', '11023564', 22, 22, '001', 'Floor'),
('HZ8', '11023564', 47, 46, '001', 'Floor'),
('HZ9', '11023564', 45, 45, '001', 'Floor');

-- --------------------------------------------------------

--
-- Table structure for table `pick`
--

CREATE TABLE `pick` (
  `Transaction_ID` varchar(10) NOT NULL,
  `SKU` varchar(40) NOT NULL,
  `Pallet_count` int(11) NOT NULL,
  `Pick_unit_count` int(11) NOT NULL,
  `Partial_unit_count` int(11) NOT NULL,
  `Customer` varchar(10) NOT NULL,
  `Date` date NOT NULL,
  `Entered_by` varchar(20) NOT NULL
) ENGINE=InnoDB DEFAULT CHARSET=utf8mb4;

-- --------------------------------------------------------

--
-- Table structure for table `product`
--

CREATE TABLE `product` (
  `SKU` varchar(40) NOT NULL,
  `Customer` varchar(30) NOT NULL,
  `Pallet_count` int(11) DEFAULT NULL,
  `Unit_count` int(11) DEFAULT NULL,
  `Unit_type` varchar(20) DEFAULT NULL
) ENGINE=InnoDB DEFAULT CHARSET=utf8mb4 COMMENT='Piece count is per pallet\nTotal count is total pallets in all warehouses.';

--
-- Dumping data for table `product`
--

INSERT INTO `product` (`SKU`, `Customer`, `Pallet_count`, `Unit_count`, `Unit_type`) VALUES
('#1', 'A.C. Industrial', 1, 20, 'Each'),
('0 1/2', 'A.C. Industrial', 1, 4, 'Each'),
('0 3/4', 'A.C. Industrial', 2, 48, 'Each'),
('0001BBY4386', 'ATN', 1, 660, 'Each'),
('01676W', 'ATN', 12, 48, 'Carton'),
('02-00001', 'Noco', 20, 7500, 'Case'),
('02469', 'ATN', 6, 264, 'Each'),
('02650', 'ATN', 8, 340, 'Each'),
('03-00300-1', 'Noco', 41, 135, 'Each'),
('03-00301-1', 'Noco', 16, 405, 'Each'),
('03-00306-1', 'Noco', 57, 135, 'Each'),
('03-00307-1', 'Noco', 17, 405, 'Each'),
('03-00318-1', 'Noco', 80, 104, 'Each'),
('03-00319-1', 'Noco', 22, 324, 'Each'),
('03-00327-1', 'Noco', 4, 108, 'Each'),
('03-00328-1', 'Noco', 3, 324, 'Each'),
('03483W', 'ATN', 3, 24, 'Carton'),
('03615t', 'ATN', 3, 1160, 'Each'),
('04067W', 'ATN', 2, 141, 'Carton'),
('04173W', 'ATN', 40, 54, 'Carton'),
('04174', 'ATN', 4, 84, 'Carton'),
('04185W', 'ATN', 5, 61, 'Carton'),
('04286W', 'ATN', 7, 370, 'Carton'),
('10000155', 'Ranpak Corp', 170, 1, 'Pallet'),
('10000186', 'Ranpak Corp', 26, 1, 'Pallet'),
('10000489', 'Ranpak Corp', 137, 12, 'Roll'),
('10000562', 'Ranpak Corp', 23, 1, 'Pallet'),
('10000566', 'Ranpak Corp', 35, 16, 'Roll'),
('10000670', 'Ranpak Corp', 396, 1, 'Pallet'),
('10001183', 'Ranpak Corp', 18, 1, 'Each'),
('10001220', 'Ranpak Corp', 5, 18, 'Each'),
('10001251', 'Ranpak Corp', 17, 15, 'Carton'),
('10001379', 'Ranpak Corp', 6, 24, 'Carton'),
('10001382', 'Ranpak Corp', 82, 12, 'Each'),
('1000X12', 'Portage', 4, 504, 'Each'),
('100x12', 'Portage', 3, 504, 'Each'),
('100X3', 'Portage', 3, 1008, 'Each'),
('103', 'Otis', 2, 83, 'Case'),
('1056-3.75', 'Axalta', 3, 62, 'Each'),
('1100', 'Portage', 2, 910, 'Each'),
('11000970', 'Ranpak Corp', 322, 2, 'Each'),
('11000988', 'Ranpak Corp', 46, 25, 'Each'),
('11000999', 'Ranpak Corp', 100, 10, 'Each'),
('11002215', 'Ranpak Corp', 82, 40, 'Each'),
('11002480', 'Ranpak Corp', 10, 5, 'Carton'),
('11002656', 'Ranpak Corp', 1, 24, 'Carton'),
('11002977', 'Ranpak Corp', 23, 60, 'Carton'),
('11015385', 'Ranpak Corp', 15, 4, 'Each'),
('11018031', 'Ranpak Corp', 2, 1, 'Carton'),
('11023564', 'Ranpak Corp', 224, 1, 'Roll'),
('11023684', 'Ranpak Corp', 144, 1, 'Roll'),
('11023863', 'Ranpak Corp', 20, 1, 'Roll'),
('11025545', 'Ranpak Corp', 21, 45, 'Case'),
('1156-5', 'Axalta', 1, 19, 'Each'),
('1156-G', 'Axalta', 6, 192, 'Each'),
('1157-G', 'Axalta', 1, 31, 'Each'),
('1157-Q', 'Axalta', 1, 26, 'Each'),
('1158-5', 'Axalta', 2, 35, 'Each'),
('1158-G', 'Axalta', 1, 32, 'Each'),
('1158-Q', 'Axalta', 1, 285, 'Each'),
('1169-5', 'Axalta', 1, 32, 'Each'),
('1200x12', 'Portage', 4, 360, 'Each'),
('1200X3', 'Portage', 1, 59, 'Each'),
('12342-2', 'Otis', 7, 270, 'Bag'),
('12345-4', 'Otis', 39, 60, 'Case'),
('12345-7', 'Otis', 22, 120, 'Case'),
('12349-6', 'Otis', 2, 120, 'Case'),
('12355-7', 'Otis', 1, 93, 'Case'),
('12367-9', 'Otis', 1, 119, 'Case'),
('1250 x12', 'Portage', 1, 146, 'Each'),
('125x12', 'Portage', 2, 424, 'Each'),
('13017-400', 'ATN', 3, 840, 'Each'),
('13740', 'ATN', 7, 2160, 'Each'),
('14x10 Cor', 'Noco', 30, 1, 'Pallet'),
('1500', 'Portage', 1, 492, 'Each'),
('151800', 'Ranpak Corp', 10, 1, 'Pallet'),
('15274', 'ATN', 16, 96, 'Each'),
('152760WS', 'Ranpak Corp', 1, 20, 'Pallet'),
('153311W', 'Ranpak Corp', 50, 80, 'Roll'),
('15724', 'ATN', 22, 96, 'Each'),
('15776', 'ATN', 48, 108, 'Each'),
('15824', 'ATN', 26, 180, 'Each'),
('15876', 'ATN', 50, 210, 'Each'),
('15976', 'ATN', 78, 108, 'Each'),
('1600x12', 'Portage', 3, 324, 'Each'),
('1624 BACK', 'Radiant Electric', 1, 1, 'Pallet'),
('1624 BEZEL WHITE', 'Radiant Electric', 1, 1, 'Pallet'),
('1648 BACK', 'Radiant Electric', 4, 1, 'Pallet'),
('1648 BEZEL WHITE', 'Radiant Electric', 8, 1, 'Pallet'),
('1648 CL-5MB-Backs', 'Radiant Electric', 5, 1, 'Pallet'),
('1648CL-5MB-White', 'Radiant Electric', 10, 1, 'Pallet'),
('1676-MOLD XP18', 'Rochling', 12, 1, 'Pallet'),
('18x12x16 Corr', 'Noco', 9, 1, 'Pallet'),
('1KH', 'JB Weld', 10, 27360, 'Tube'),
('1KR', 'JB Weld', 7, 27360, 'Tube'),
('1MR', 'JB Weld', 1, 25460, 'Pallet'),
('1WH', 'JB Weld', 15, 27360, 'Tube'),
('1WR', 'JB Weld', 19, 27360, 'Tube'),
('200000-C-028', 'Darko', 3, 16250, 'Each'),
('200000-S-500', 'Darko', 28, 1, 'Pallet'),
('20009-4', 'Otis', 1, 17, 'Case'),
('200X12', 'Portage', 7, 576, 'Each'),
('200X3', 'Portage', 4, 1632, 'Each'),
('205300C', 'ATN', 1, 240, 'Each'),
('216180-C-011', 'Darko', 2, 1320, 'Each'),
('216180-K-074', 'Darko', 1, 2, 'Each'),
('216180-K-075', 'Darko', 1, 46, 'Each'),
('216180-S-057', 'Darko', 6, 112, 'Each'),
('216180-S-058', 'Darko', 4, 52, 'Each'),
('216180-S-068', 'Darko', 1, 2, 'Each'),
('217009-F-003', 'Darko', 2, 9, 'Each'),
('217128K-211', 'Darko', 6, 1, 'Pallet'),
('217230-C-005', 'Darko', 5, 44, 'Each'),
('217230-C-005 X10', 'Darko', 7, 560, 'Each'),
('217230-C-005 X2', 'Darko', 2, 136, 'Each'),
('217230-C-006', 'Darko', 3, 2640, 'Each'),
('217230-S-002', 'Darko', 28, 36, 'Each'),
('217230-S-002X4', 'Darko', 1, 8, 'Each'),
('217272-C-002', 'Darko', 3, 308, 'Each'),
('217336-K-041', 'Darko', 3, 167, 'Carton'),
('217385-C-808', 'Darko', 8, 1, 'Pallet'),
('217385-F-010', 'Darko', 4, 15, 'Carton'),
('217385-S-327', 'Darko', 1, 1, 'Pallet'),
('218001-F-013', 'Darko', 3, 20, 'Carton'),
('218020-C-004', 'Darko', 2, 35, 'Carton'),
('218020-C-005', 'Darko', 3, 30, 'Carton'),
('218020-C-006', 'Darko', 2, 25, 'Carton'),
('218020-K-002', 'Darko', 33, 16, 'Carton'),
('218020-K-004', 'Darko', 8, 20, 'Carton'),
('218020-K-005', 'Darko', 15, 40, 'Carton'),
('218020-K-008', 'Darko', 38, 14, 'Carton'),
('218182-C-852', 'Darko', 8, 1, 'Pallet'),
('218182-C-856', 'Darko', 7, 1, 'Pallet'),
('218182-C-857', 'Darko', 12, 1, 'Pallet'),
('218182-C-858', 'Darko', 8, 1, 'Pallet'),
('218182-C-860', 'Darko', 4, 1, 'Pallet'),
('218187-F-006', 'Darko', 3, 6, 'Carton'),
('218248-C-056', 'Darko', 1, 14, 'Each'),
('218267-F-001', 'Darko', 3, 11, 'Each'),
('218268', 'Darko', 7, 1, 'Pallet'),
('218268-F-002', 'Darko', 2, 40, 'Carton'),
('218276-S-008', 'Darko', 2, 1, 'Pallet'),
('219054-F-001', 'Darko', 11, 52, 'Carton'),
('219203-F-001', 'Darko', 1, 0, 'Carton'),
('220007-5-050', 'Darko', 4, 1, 'Pallet'),
('22009-I04', 'ATN', 5, 864, 'Each'),
('22010-I04', 'ATN', 6, 864, 'Each'),
('220121-C-087', 'Darko', 1, 200, 'Carton'),
('220121-C-093', 'Darko', 3, 72, 'Each'),
('220121-C-094', 'Darko', 12, 68, 'Each'),
('220121-C-258', 'Darko', 1, 150, 'Carton'),
('220121-C-266', 'Darko', 2, 150, 'Carton'),
('220121-C-272', 'Darko', 1, 281, 'Carton'),
('22013-200', 'ATN', 6, 648, 'Each'),
('22032-200', 'ATN', 3, 0, 'Each'),
('22040-200', 'ATN', 50, 576, 'Each'),
('221040-C-067/068/069', 'Darko', 5, 1, 'Pallet'),
('221040-F-001', 'Darko', 13, 1, 'Pallet'),
('221040-S-001', 'Darko', 6, 1, 'Pallet'),
('221040-S-002', 'Darko', 6, 1, 'Pallet'),
('221065-F-002', 'Darko', 4, 6, 'Each'),
('221083-F-001', 'Darko', 4, 10, 'Carton'),
('221096-F-001', 'Darko', 17, 0, 'Pallet'),
('225x12', 'Portage', 5, 504, 'Each'),
('22670', 'ATN', 48, 144, 'Each'),
('22942-400', 'ATN', 4, 624, 'Each'),
('236109', 'JB Weld', 28, 1, 'Pallet'),
('24003-999', 'ATN', 2, 1008, 'Each'),
('24004-999', 'ATN', 1, 29, 'Each'),
('25600', 'ATN', 2, 72, 'Each'),
('27007-200', 'ATN', 8, 612, 'Each'),
('27008-200', 'ATN', 6, 648, 'Each'),
('300X12', 'Portage', 1, 162, 'Each'),
('37510', 'ATN', 4, 510, 'Each'),
('400x12', 'Portage', 3, 552, 'Each'),
('42134', 'Rochling', 1, 1, 'Pallet'),
('44004-500', 'ATN', 2, 1296, 'Each'),
('46310', 'ATN', 14, 1560, 'Each'),
('500', 'Portage', 1, 1464, 'Each'),
('51050', 'ATN', 1, 31512, 'Each'),
('53300', 'ATN', 3, 720, 'Each'),
('55000-300', 'ATN', 3, 340, 'Each'),
('55001-400', 'ATN', 6, 340, 'Each'),
('56004-300', 'ATN', 3, 2400, 'Each'),
('56005-200', 'ATN', 1, 3144, 'Each'),
('56006-201', 'ATN', 2, 3198, 'Each'),
('5KH', 'JB Weld', 11, 3360, 'Tube'),
('5KR', 'JB Weld', 11, 3360, 'Tube'),
('5WH', 'JB Weld', 37, 3360, 'Tube'),
('5WR', 'JB Weld', 32, 3360, 'Tube'),
('600', 'Portage', 2, 353, 'Each'),
('610', 'Portage', 2, 264, 'Each'),
('620', 'Portage', 1, 264, 'Each'),
('630', 'Portage', 1, 240, 'Each'),
('63470', 'ATN', 3, 828, 'Each'),
('64677', 'ATN', 1, 336, 'Each'),
('65078', 'ATN', 5, 576, 'Each'),
('65210', 'ATN', 29, 432, 'Each'),
('65278', 'ATN', 3, 336, 'Each'),
('66400', 'ATN', 2, 2160, 'Each'),
('66477', 'ATN', 1, 468, 'Each'),
('7000X12', 'Portage', 5, 576, 'Each'),
('7000X3', 'Portage', 4, 1440, 'Each'),
('700x12', 'Portage', 4, 1080, 'Each'),
('7200X12', 'Portage', 4, 576, 'Each'),
('7200x3', 'Portage', 2, 2016, 'Each'),
('7250X3', 'Portage', 2, 2400, 'Each'),
('7400 x12', 'Portage', 1, 396, 'Each'),
('7400x3', 'Portage', 1, 240, 'Each'),
('74471', 'ATN', 2, 1320, 'Each'),
('74571', 'ATN', 2, 12, 'Each'),
('7500X3', 'Portage', 2, 1008, 'Each'),
('7600X3', 'Portage', 5, 2304, 'Each'),
('7800 x12', 'Portage', 1, 348, 'Each'),
('7800x3', 'Portage', 1, 384, 'Each'),
('78551000015', 'Otis', 13, 50, 'Case'),
('7900 x3', 'Portage', 2, 624, 'Each'),
('80-12066C', 'ATN', 1, 42, 'Each'),
('80-15750', 'ATN', 5, 318, 'Each'),
('80-3862', 'ATN', 2, 1044, 'Each'),
('80-4555C', 'ATN', 1, 84, 'Each'),
('80-5101P', 'ATN', 6, 672, 'Each'),
('8000x12', 'Portage', 11, 648, 'Each'),
('81-12059C', 'ATN', 8, 360, 'Each'),
('81-17078', 'ATN', 3, 1152, 'Each'),
('81-18945', 'ATN', 31, 192, 'Each'),
('81-20368', 'ATN', 4, 528, 'Each'),
('81-20382', 'ATN', 6, 720, 'Each'),
('81-20399', 'ATN', 3, 1224, 'Each'),
('81-20436', 'ATN', 3, 972, 'Each'),
('81-22454', 'ATN', 4, 972, 'Each'),
('81-22485', 'ATN', 4, 1584, 'Each'),
('81-22881', 'ATN', 2, 1800, 'Each'),
('81-22904', 'ATN', 11, 160, 'Each'),
('81-23222', 'ATN', 1, 1404, 'Each'),
('81-23260', 'ATN', 1, 576, 'Each'),
('81-23277', 'ATN', 2, 612, 'Each'),
('81-26148', 'ATN', 1, 150, 'Each'),
('81-28388', 'ATN', 5, 1080, 'Each'),
('81-28395', 'ATN', 3, 1080, 'Each'),
('81-2968', 'ATN', 25, 340, 'Each'),
('81-30237', 'ATN', 1, 1620, 'Each'),
('81-3316', 'ATN', 20, 272, 'Each'),
('81-3323', 'ATN', 3, 380, 'Each'),
('81-3330', 'ATN', 20, 324, 'Each'),
('81-33825', 'ATN', 8, 2400, 'Each'),
('81-34112', 'ATN', 3, 1224, 'Each'),
('81-34129', 'ATN', 4, 1080, 'Each'),
('81-34259', 'ATN', 10, 120, 'Each'),
('81-34440', 'ATN', 9, 1248, 'Each'),
('81-35058', 'ATN', 1, 2088, 'Each'),
('81-3804', 'ATN', 1, 816, 'Each'),
('81-7888', 'ATN', 1, 108, 'Each'),
('81-7956', 'ATN', 1, 1044, 'Each'),
('81-8168', 'ATN', 1, 720, 'Each'),
('8100', 'Portage', 6, 3264, 'Each'),
('8100X3', 'Portage', 1, 288, 'Each'),
('82209', 'ATN', 4, 336, 'Each'),
('84692-0', 'Otis', 5, 0, 'Carton'),
('84692-6', 'Otis', 24, 126, 'Case'),
('85176', 'ATN', 3, 1104, 'Each'),
('86075', 'ATN', 1, 222, 'Each'),
('86124-4', 'ATN', 8, 496, 'Each'),
('86175', 'ATN', 14, 360, 'Each'),
('86375', 'ATN', 8, 270, 'Each'),
('86376', 'ATN', 11, 270, 'Each'),
('8800', 'Portage', 1, 264, 'Each'),
('88276', 'ATN', 3, 324, 'Each'),
('88376', 'ATN', 31, 252, 'Each'),
('9082-P', 'Axalta', 1, 308, 'Each'),
('9082-Q', 'Axalta', 1, 95, 'Each'),
('9091-G', 'Axalta', 2, 39, 'Each'),
('9091-P', 'Axalta', 1, 19, 'Each'),
('9091-Q', 'Axalta', 1, 4, 'Each'),
('9092-G', 'Axalta', 2, 4, 'Each'),
('9092-P', 'Axalta', 3, 1000, 'Each'),
('9092-Q', 'Axalta', 2, 96, 'Each'),
('9093-P', 'Axalta', 3, 94, 'Each'),
('9093-Q', 'Axalta', 2, 88, 'Each'),
('9095-2.5', 'Axalta', 3, 284, 'Each'),
('9100', 'Portage', 1, 9, 'Each'),
('9100 x24', 'Portage', 2, 3024, 'Each'),
('91124', 'ATN', 1, 18, 'Each'),
('9201-3.75', 'Axalta', 2, 14, 'Each'),
('9202-3.75', 'Axalta', 1, 144, 'Each'),
('9203-3.75', 'Axalta', 2, 160, 'Each'),
('9204-3.75', 'Axalta', 3, 210, 'Each'),
('9205-3.75', 'Axalta', 6, 144, 'Each'),
('9206-3.75', 'Axalta', 1, 129, 'Each'),
('9208-001', 'Axalta', 1, 163, 'Each'),
('9213-001', 'Axalta', 2, 136, 'Each'),
('9215-001', 'Axalta', 3, 509, 'Each'),
('9217-001', 'Axalta', 1, 8, 'Each'),
('9218-001', 'Axalta', 1, 312, 'Each'),
('9219-001', 'Axalta', 1, 104, 'Each'),
('9221-001', 'Axalta', 1, 9, 'Each'),
('9222-001', 'Axalta', 3, 498, 'Each'),
('9223-001', 'Axalta', 2, 526, 'Each'),
('9224-001', 'Axalta', 2, 422, 'Each'),
('9225-001', 'Axalta', 1, 84, 'Each'),
('9225-3.75', 'Axalta', 1, 47, 'Each'),
('9226-001', 'Axalta', 1, 4, 'Each'),
('9227-001', 'Axalta', 1, 325, 'Each'),
('9228-001', 'Axalta', 1, 264, 'Each'),
('9229-001', 'Axalta', 2, 217, 'Each'),
('9232-001', 'Axalta', 3, 509, 'Each'),
('9233-001', 'Axalta', 2, 452, 'Each'),
('9235-001', 'Axalta', 1, 211, 'Each'),
('9237-0.5', 'Axalta', 1, 634, 'Each'),
('9240-001', 'Axalta', 1, 90, 'Each'),
('9241-001', 'Axalta', 1, 251, 'Each'),
('9245-001', 'Axalta', 2, 270, 'Each'),
('9248-001', 'Axalta', 2, 287, 'Each'),
('9250-001', 'Axalta', 3, 374, 'Each'),
('9252-001', 'Axalta', 1, 78, 'Each'),
('9254-001', 'Axalta', 2, 350, 'Each'),
('9255-0.5', 'Axalta', 1, 277, 'Each'),
('9257-0.5', 'Axalta', 1, 51, 'Each'),
('9258-0.5', 'Axalta', 3, 396, 'Each'),
('9261-0.5', 'Axalta', 1, 242, 'Each'),
('9266-0.5', 'Axalta', 3, 592, 'Each'),
('9268-001', 'Axalta', 1, 13, 'Each'),
('9269-001', 'Axalta', 1, 8, 'Each'),
('9270-3.75', 'Axalta', 3, 158, 'Each'),
('9270-5', 'Axalta', 2, 36, 'Each'),
('9271-3.75', 'Axalta', 2, 119, 'Each'),
('9276-001', 'Axalta', 1, 6, 'Each'),
('9282-001', 'Axalta', 1, 137, 'Each'),
('9299-3.75', 'Axalta', 1, 12, 'Each'),
('9302-001', 'Axalta', 1, 207, 'Each'),
('9302-3.75', 'Axalta', 2, 102, 'Each'),
('9306-0.5', 'Axalta', 1, 38, 'Each'),
('9310-001', 'Axalta', 2, 301, 'Each'),
('9311-001', 'Axalta', 3, 609, 'Each'),
('9312-001', 'Axalta', 1, 272, 'Each'),
('9313-001', 'Axalta', 1, 411, 'Each'),
('9314-001', 'Axalta', 1, 21, 'Each'),
('9315-001', 'Axalta', 1, 452, 'Each'),
('9316-001', 'Axalta', 4, 630, 'Each'),
('9317-0.5', 'Axalta', 1, 5, 'Each'),
('9318-0.5', 'Axalta', 1, 3, 'Each'),
('9319-0.5', 'Axalta', 7, 512, 'Each'),
('9320-001', 'Axalta', 3, 540, 'Each'),
('9336-G', 'Axalta', 1, 35, 'Each'),
('9336-Q', 'Axalta', 1, 52, 'Each'),
('9337-G', 'Axalta', 2, 43, 'Each'),
('9337-Q', 'Axalta', 1, 2, 'Each'),
('9338-G', 'Axalta', 1, 73, 'Each'),
('9338-Q', 'Axalta', 1, 63, 'Each'),
('9341-G', 'Axalta', 1, 59, 'Each'),
('9347-G', 'Axalta', 1, 3, 'Each'),
('96570', 'ATN', 1, 384, 'Each'),
('9700-G', 'Axalta', 2, 78, 'Each'),
('9701-G', 'Axalta', 4, 192, 'Each'),
('9701-Q', 'Axalta', 1, 50, 'Each'),
('9702-G', 'Axalta', 1, 61, 'Each'),
('9704-G', 'Axalta', 1, 8, 'Each'),
('9706-005', 'Axalta', 5, 144, 'Each'),
('9707-005', 'Axalta', 1, 52, 'Each'),
('99-00058', 'Noco', 50, 1192, 'Lbs'),
('A15376', 'ATN', 4, 18, 'Each'),
('A15676', 'ATN', 10, 40, 'Each'),
('A17110', 'ATN', 10, 176, 'Each'),
('A22020-200', 'ATN', 10, 480, 'Each'),
('A22476', 'ATN', 5, 3072, 'Each'),
('A22576', 'ATN', 1, 0, 'Each'),
('A23276', 'ATN', 2, 360, 'Each'),
('A23376', 'ATN', 7, 162, 'Each'),
('A23450', 'ATN', 4, 210, 'Each'),
('A23950', 'ATN', 3, 0, 'Each'),
('A24250', 'ATN', 16, 462, 'Each'),
('A24376', 'ATN', 57, 144, 'Each'),
('A26550', 'ATN', 8, 240, 'Each'),
('A28377', 'ATN', 1, 384, 'Each'),
('A28800', 'ATN', 96, 192, 'Each'),
('A28810', 'ATN', 33, 192, 'Each'),
('A28824', 'ATN', 14, 264, 'Each'),
('A28878', 'ATN', 59, 192, 'Each'),
('A58376C', 'ATN', 1, 12, 'Each'),
('A63776', 'ATN', 8, 48, 'Each'),
('A75076', 'ATN', 3, 160, 'Each'),
('A93313', 'ATN', 13, 84, 'Each'),
('AB10-S', 'Portage', 2, 248, 'Each'),
('AB10/20S', 'Portage', 4, 315, 'Each'),
('AB2-S', 'Portage', 9, 900, 'Each'),
('AB3/6-S', 'Portage', 6, 1300, 'Each'),
('AB4/8', 'Portage', 5, 816, 'Each'),
('AB4/8-S', 'Portage', 3, 800, 'Each'),
('AB5/10S', 'Portage', 8, 756, 'Each'),
('AB6/12S', 'Portage', 2, 540, 'Each'),
('AB8-S', 'Portage', 9, 378, 'Each'),
('BDRD01-G', 'Axalta', 1, 76, 'Each'),
('BDRD02-G', 'Axalta', 1, 153, 'Each'),
('Blue Boxes', 'Ranpak Corp', 21, 1, 'Pallet'),
('BP40', 'Ranpak Corp', 12, 1, 'Roll'),
('Brown Corrugated', 'Otis', 14, 1, 'Pallet'),
('BULLNOSE SHELF W 11 HOOKS', 'Darko', 1, 126, 'Carton'),
('BULLNOSE SHELF W 6 HOOKS 3 PEGBOARDS', 'Darko', 1, 126, 'Carton'),
('BULLNOSE SHELF W 7 HOOKS AND 3 PEG BOARD', 'Darko', 1, 63, 'Carton'),
('BULLNOSE SHELF W 8 HOOKS', 'Darko', 1, 63, 'Carton'),
('BULLNOSE SHELF W 8 HOOKS 3 PEG BOARD', 'Darko', 1, 63, 'Carton'),
('BULLNOSE SHELF W 8/6 HOOKS', 'Darko', 1, 126, 'Carton'),
('BULLNOSE SHELF W SKIN CARE', 'Darko', 2, 136, 'Carton'),
('BULLNOSE W 6 HOOKS', 'Darko', 1, 126, 'Carton'),
('C00253360', 'Ranpak Corp', 6, 1, 'Pallet'),
('C00272360S', 'Ranpak Corp', 1, 1, 'Pallet'),
('CAN1KH', 'JB Weld', 3, 27360, 'Tube'),
('CAN1KR', 'JB Weld', 3, 27360, 'Tube'),
('CAN1WH', 'JB Weld', 4, 27360, 'Tube'),
('CAN1WR', 'JB Weld', 4, 27360, 'Tube'),
('CL36-BL', 'Portage', 3, 1516, 'Each'),
('CL48-BL', 'Portage', 1, 792, 'Each'),
('Control Panels', 'Ranpak Corp', 1, 1, 'Pallet'),
('CORROGATED - 80-0079', 'Noco', 28, 250, 'Each'),
('Corrugated', 'Ranpak Corp', 9, 1, 'Pallet'),
('Corrugated lg', 'Otis', 31, 1, 'Case'),
('Corrugated med', 'Otis', 29, 1, 'Case'),
('Corrugated sm', 'Otis', 17, 1, 'Case'),
('Corrugated xlg', 'Otis', 11, 1, 'Case'),
('CR22ACC-P', 'Axalta', 1, 24, 'Each'),
('CR22AF-Q', 'Axalta', 1, 177, 'Each'),
('CR22AM-Q', 'Axalta', 1, 53, 'Each'),
('CR22FEE-P', 'Axalta', 1, 229, 'Each'),
('CRV22-G', 'Axalta', 4, 192, 'Carton'),
('cups', 'Otis', 3, 900, 'Bag'),
('DS-0541', 'Ranpak Corp', 3, 10, 'Each'),
('DS-0596', 'Ranpak Corp', 2, 2, 'Each'),
('DS-5144', 'Ranpak Corp', 3, 1, 'Pallet'),
('DS-5174', 'Ranpak Corp', 1, 1, 'Pallet'),
('DSCK8', 'Brand Castle', 23, 1, 'Pallet'),
('EMPTY CRATE', 'Ranpak Corp', 6, 1, 'Crate'),
('EZ317AN-Q', 'Axalta', 1, 4, 'Each'),
('EZ543-Q', 'Axalta', 1, 117, 'Carton'),
('EZ600B-Q', 'Axalta', 3, 227, 'Each'),
('EZ601A-G', 'Axalta', 1, 30, 'Each'),
('EZ603A-G', 'Axalta', 2, 28, 'Each'),
('F', 'A.C. Industrial', 1, 17, 'Each'),
('FF', 'A.C. Industrial', 1, 44, 'Each'),
('FFF', 'A.C. Industrial', 1, 4, 'Each'),
('FP-0508', 'Ranpak Corp', 1, 1, 'Pallet'),
('FP-0537', 'Ranpak Corp', 1, 1, 'Pallet'),
('FPSL2N STAND AND FRAME', 'Ranpak Corp', 7, 1, 'Pallet'),
('Frames', 'Ranpak Corp', 4, 1, 'Pallet'),
('Gaylords', 'Darko', 12, 1, 'Pallet'),
('GB10C', 'Noco', 31, 114, 'Carton'),
('GB10S', 'Noco', 329, 83, 'Carton'),
('GB150', 'Noco', 4, 168, 'Each'),
('GB250', 'Noco', 96, 24, 'Each'),
('GB251', 'Noco', 124, 24, 'Each'),
('GB40', 'Noco', 71, 768, 'Each'),
('GB70', 'Noco', 2, 240, 'Each'),
('GBC013', 'Noco', 86, 288, 'Each'),
('GBC014', 'Noco', 165, 160, 'Each'),
('GBC015', 'Noco', 145, 100, 'Each'),
('GBX45', 'Noco', 6, 630, 'Each'),
('GBX55', 'Noco', 43, 540, 'Each'),
('GBX75', 'Noco', 84, 280, 'Each'),
('GC040', 'Noco', 164, 160, 'Each'),
('GCOA-006-OH', 'Universal Packaging', 19, 8, 'Carton'),
('GEAMIN3', 'Ranpak Corp', 1, 5, 'Carton'),
('Geamin4', 'Ranpak Corp', 3, 21, 'Carton'),
('GEN 5X2', 'Noco', 30, 160, 'Each'),
('GEN 5X3', 'Noco', 110, 160, 'Each'),
('GEN PRO 10X3', 'Noco', 31, 100, 'Each'),
('GEN PRO 10X4', 'Noco', 48, 90, 'Each'),
('GENIUS 1', 'Noco', 512, 480, 'Each'),
('GENIUS 10', 'Noco', 30, 280, 'Each'),
('GENIUS 2', 'Noco', 167, 480, 'Each'),
('GENIUS 2X2', 'Noco', 68, 264, 'Each'),
('GENIUS 2X4', 'Noco', 107, 176, 'Each'),
('GENIUS 5', 'Noco', 279, 336, 'Each'),
('GENIUS PRO 25', 'Noco', 256, 32, 'Each'),
('GENIUS PRO 50', 'Noco', 272, 24, 'Each'),
('GER1KH', 'JB Weld', 1, 27360, 'Pallet'),
('GER1KR', 'JB Weld', 1, 27360, 'Pallet'),
('GER1WH', 'JB Weld', 2, 27360, 'Tube'),
('GER1WR', 'JB Weld', 2, 27360, 'Pallet'),
('GWR400', 'Ranpak Corp', 38, 12, 'Roll'),
('GWR402B1', 'Ranpak Corp', 12, 36, 'Carton'),
('HEADER FRAME KIT', 'Darko', 5, 220, 'Carton'),
('Header Graphic', 'Darko', 1, 1, 'Pallet'),
('HM3-4022-OH', 'Universal Packaging', 1, 90, 'Carton'),
('HV MACHINE AND PARTS', 'Ranpak Corp', 1, 1, 'Pallet'),
('JG1908-805', 'Portage', 1, 760, 'Each'),
('JG1908-811', 'Portage', 1, 1000, 'Each'),
('JG1908-813', 'Portage', 1, 1000, 'Each'),
('JG1908-826', 'Portage', 1, 960, 'Each'),
('JG6155-16', 'Portage', 2, 500, 'Each'),
('JG6155-17', 'Portage', 2, 500, 'Each'),
('JG6155-21', 'Portage', 1, 500, 'Each'),
('JG6155-23', 'Portage', 3, 340, 'Each'),
('JG6155-24', 'Portage', 1, 200, 'Each'),
('JG8035-7810', 'Portage', 1, 210, 'Each'),
('JG8035-7812', 'Portage', 1, 210, 'Each'),
('JG8035-7821', 'Portage', 1, 210, 'Each'),
('JG8035-7827', 'Portage', 1, 210, 'Each'),
('KA-0026', 'Ranpak Corp', 1, 10, 'Pallet'),
('KA-0573', 'Ranpak Corp', 22, 4, 'Each'),
('KA-0683', 'Ranpak Corp', 6, 1, 'Pallet'),
('KA0030', 'Ranpak Corp', 10, 10, 'Each'),
('KLT18000507G5X306', 'Rochling', 7, 12, 'Roll'),
('KLTV13030505G', 'Rochling', 13, 9, 'Roll'),
('KP24B', 'Portage', 1, 1792, 'Each'),
('KP24D', 'Portage', 1, 1824, 'Each'),
('KP24L-3', 'Portage', 2, 2688, 'Each'),
('KP24L-6', 'Portage', 1, 40, 'Each'),
('KP35B', 'Portage', 2, 576, 'Each'),
('KP35BB', 'Portage', 1, 864, 'Each'),
('KP35BG', 'Portage', 1, 928, 'Each'),
('KP35BW', 'Portage', 1, 928, 'Each'),
('KP35D', 'Portage', 1, 576, 'Each'),
('KP35DB', 'Portage', 1, 928, 'Each'),
('KP35DG', 'Portage', 1, 928, 'Each'),
('KP35DW', 'Portage', 1, 928, 'Each'),
('KP35G', 'Portage', 1, 640, 'Each'),
('KP35GB', 'Portage', 1, 896, 'Each'),
('KP35GG', 'Portage', 1, 928, 'Each'),
('KP35GW', 'Portage', 1, 928, 'Each'),
('KP35L', 'Portage', 1, 320, 'Each'),
('KP35LB', 'Portage', 1, 928, 'Each'),
('KP35LG', 'Portage', 1, 928, 'Each'),
('KP35LW', 'Portage', 1, 928, 'Each'),
('KP50C', 'Ranpak Corp', 67, 2, 'Roll'),
('KS-0312', 'Ranpak Corp', 25, 10, 'Each'),
('KS0233', 'Ranpak Corp', 8, 28, 'Carton'),
('KS7006', 'Ranpak Corp', 8, 1, 'Each'),
('LITTLE DAVID', 'Ranpak Corp', 1, 1, 'Pallet'),
('MA-0602', 'Ranpak Corp', 13, 8, 'Carton'),
('MACHINES', 'Ranpak Corp', 2, 1, 'Pallet'),
('Misc Machine', 'Ranpak Corp', 13, 1, 'Pallet'),
('MP2175-2.5L', 'Axalta', 1, 2, 'Each'),
('MP2265-Q', 'Axalta', 2, 600, 'Each'),
('MP2275-Q', 'Axalta', 1, 98, 'Each'),
('MP2285-Q', 'Axalta', 1, 64, 'Each'),
('MP2445-Q', 'Axalta', 1, 153, 'Each'),
('MP2465-Q', 'Axalta', 1, 58, 'Each'),
('MP2475-Q', 'Axalta', 2, 501, 'Each'),
('MP4065-Q', 'Axalta', 1, 37, 'Each'),
('MP4075-Q', 'Axalta', 1, 139, 'Each'),
('MP4085-Q', 'Axalta', 3, 332, 'Each'),
('MUSTARG GALLON', 'Otis', 8, 48, 'Case'),
('Noco Boost', 'Noco', 3, 1, 'Pallet'),
('P-K50C', 'Ranpak Corp', 58, 2, 'Roll'),
('P-K50C15', 'Ranpak Corp', 27, 1, 'Roll'),
('PA3040E-G', 'Axalta', 3, 198, 'Each'),
('PAC11494', 'Ranpak Corp', 15, 12, 'Carton'),
('PC-0806', 'Ranpak Corp', 1, 1, 'Each'),
('PC-1013', 'Ranpak Corp', 1, 1, 'Pallet'),
('PC-1015', 'Ranpak Corp', 1, 1, 'Pallet'),
('PC-1074', 'Ranpak Corp', 1, 22, 'Each'),
('PC-1085', 'Ranpak Corp', 1, 6, 'Each'),
('PE1900-G', 'Axalta', 2, 18, 'Each'),
('PE2100-5L', 'Axalta', 2, 68, 'Each'),
('PE2200-G', 'Axalta', 2, 134, 'Each'),
('PE2400-G', 'Axalta', 29, 169, 'Each'),
('PE2442-G', 'Axalta', 2, 108, 'Each'),
('PE2600-5L', 'Axalta', 1, 1, 'Each'),
('PE4000-G', 'Axalta', 62, 156, 'Each'),
('PERFUME', 'Darko', 12, 1, 'Pallet'),
('Plex Panels', 'Ranpak Corp', 1, 1, 'Pallet'),
('PPLC21', 'Ranpak Corp', 22, 4, 'Case'),
('PS3042-G', 'Axalta', 1, 78, 'Each'),
('PS3044-G', 'Axalta', 1, 2, 'Each'),
('PS5008B-Q', 'Axalta', 2, 95, 'Each'),
('PS5009A-G', 'Axalta', 1, 48, 'Each'),
('PSWP1', 'Ranpak Corp', 1, 1, 'Each'),
('Racking', 'Ranpak Corp', 5, 1, 'Pallet'),
('Red Corrugated', 'Otis', 12, 1, 'Pallet'),
('Retro', 'Otis', 4, 50, 'Carton'),
('RP-0161', 'Ranpak Corp', 3, 0, 'Roll'),
('RP-0201', 'Ranpak Corp', 2, 36, 'Roll'),
('SA-0510', 'Ranpak Corp', 9, 25, 'Each'),
('Samples', 'Otis', 1, 16, 'Carton'),
('SIngle Serve Mustard', 'Otis', 18, 120, 'Carton'),
('SW5001.EC0001', 'Ranpak Corp', 1, 1, 'Each'),
('TH0605-G', 'Axalta', 3, 4, 'Each'),
('TH07160-G', 'Axalta', 2, 192, 'Each'),
('TH07175-G', 'Axalta', 1, 26, 'Each'),
('TH07175-Q', 'Axalta', 1, 81, 'Each'),
('TH07185-G', 'Axalta', 2, 92, 'Each'),
('TH0860-5', 'Axalta', 2, 4, 'Each'),
('TH0870-G', 'Axalta', 1, 4, 'Each'),
('TH0885-G', 'Axalta', 3, 22, 'Each'),
('TH0895-G', 'Axalta', 2, 42, 'Each'),
('TH5950-G', 'Axalta', 1, 32, 'Each'),
('TV8901 005', 'Paint Cle', 4, 17, 'Each'),
('Ultra Pozz', 'A.C. Industrial', 1, 27, 'Each'),
('UNPK-TGUN.3-OH', 'Universal Packaging', 1, 6, 'Each'),
('Urn', 'Otis', 2, 12, 'Each'),
('WHITE 5 GAL', 'Paint Cle', 7, 24, 'Pail'),
('WPCHCKORG4', 'Brand Castle', 11, 6000, 'Each'),
('WPCHCKWHT7', 'Brand Castle', 30, 3840, 'Each'),
('WPCHRED4', 'Brand Castle', 40, 6000, 'Each'),
('WPCHWHT2', 'Brand Castle', 16, 12000, 'Each'),
('WPCHWHT4-SP', 'Brand Castle', 35, 7200, 'Each'),
('WR2436.12 5.55.25HMLE', 'Rochling', 30, 5, 'Roll'),
('WR2448.25 5.55.25', 'Rochling', 191, 5, 'Roll'),
('WRAPPAKEX-BM', 'Ranpak Corp', 23, 40, 'Carton'),
('XGC4', 'Noco', 43, 288, 'Each'),
('YELLOW 5 GAL', 'Paint Cle', 11, 24, 'Pail');

-- --------------------------------------------------------

--
-- Table structure for table `shipment_received`
--

CREATE TABLE `shipment_received` (
  `Receipt_ID` varchar(10) NOT NULL,
  `SKU` varchar(40) NOT NULL,
  `Count` int(11) NOT NULL,
  `Unit_count` int(11) DEFAULT NULL,
  `Customer` varchar(10) NOT NULL,
  `Date` date NOT NULL,
  `Entered_by` varchar(20) NOT NULL
) ENGINE=InnoDB DEFAULT CHARSET=utf8mb4;

-- --------------------------------------------------------

--
-- Table structure for table `warehouse`
--

CREATE TABLE `warehouse` (
  `Warehouse_name` varchar(35) NOT NULL,
  `Warehouse_ID` varchar(10) NOT NULL,
  `Address` varchar(255) DEFAULT NULL,
  `Phone_num` varchar(15) DEFAULT NULL
) ENGINE=InnoDB DEFAULT CHARSET=utf8mb4;

--
-- Dumping data for table `warehouse`
--

INSERT INTO `warehouse` (`Warehouse_name`, `Warehouse_ID`, `Address`, `Phone_num`) VALUES
('HQWarehouse', '001', '22801 Aurora Rd Suite 1, Bedford Heights, OH 44146', '216-378-7100'),
('Euclid Warehouse', '002', '', '');

--
-- Indexes for dumped tables
--

--
-- Indexes for table `customer`
--
ALTER TABLE `customer`
  ADD PRIMARY KEY (`Customer`);

--
-- Indexes for table `emp_information`
--
ALTER TABLE `emp_information`
  ADD PRIMARY KEY (`Emp_ID`);

--
-- Indexes for table `location`
--
ALTER TABLE `location`
  ADD PRIMARY KEY (`Location`,`SKU`),
  ADD KEY `Location_Product` (`SKU`),
  ADD KEY `Location_Warehouse` (`Warehouse_ID`);

--
-- Indexes for table `pick`
--
ALTER TABLE `pick`
  ADD PRIMARY KEY (`Transaction_ID`,`SKU`),
  ADD KEY `Pick_Customer` (`Customer`),
  ADD KEY `Pick_Product` (`SKU`),
  ADD KEY `Pick_Received_Emp_information` (`Entered_by`);

--
-- Indexes for table `product`
--
ALTER TABLE `product`
  ADD PRIMARY KEY (`SKU`),
  ADD KEY `Product_Customer` (`Customer`);

--
-- Indexes for table `shipment_received`
--
ALTER TABLE `shipment_received`
  ADD PRIMARY KEY (`Receipt_ID`,`SKU`),
  ADD KEY `Shipment_received_Customer` (`Customer`),
  ADD KEY `Shipment_received_Emp_information` (`Entered_by`),
  ADD KEY `Shipment_received_Product` (`SKU`);

--
-- Indexes for table `warehouse`
--
ALTER TABLE `warehouse`
  ADD PRIMARY KEY (`Warehouse_ID`);

--
-- Constraints for dumped tables
--

--
-- Constraints for table `location`
--
ALTER TABLE `location`
  ADD CONSTRAINT `Location_Product` FOREIGN KEY (`SKU`) REFERENCES `product` (`SKU`),
  ADD CONSTRAINT `Location_Warehouse` FOREIGN KEY (`Warehouse_ID`) REFERENCES `warehouse` (`Warehouse_ID`);

--
-- Constraints for table `pick`
--
ALTER TABLE `pick`
  ADD CONSTRAINT `Pick_Customer` FOREIGN KEY (`Customer`) REFERENCES `customer` (`Customer`),
  ADD CONSTRAINT `Pick_Product` FOREIGN KEY (`SKU`) REFERENCES `product` (`SKU`),
  ADD CONSTRAINT `Pick_Received_Emp_information` FOREIGN KEY (`Entered_by`) REFERENCES `emp_information` (`Emp_ID`);

--
-- Constraints for table `product`
--
ALTER TABLE `product`
  ADD CONSTRAINT `Product_Customer` FOREIGN KEY (`Customer`) REFERENCES `customer` (`Customer`);

--
-- Constraints for table `shipment_received`
--
ALTER TABLE `shipment_received`
  ADD CONSTRAINT `Shipment_received_Customer` FOREIGN KEY (`Customer`) REFERENCES `customer` (`Customer`),
  ADD CONSTRAINT `Shipment_received_Emp_information` FOREIGN KEY (`Entered_by`) REFERENCES `emp_information` (`Emp_ID`),
  ADD CONSTRAINT `Shipment_received_Product` FOREIGN KEY (`SKU`) REFERENCES `product` (`SKU`);
COMMIT;

/*!40101 SET CHARACTER_SET_CLIENT=@OLD_CHARACTER_SET_CLIENT */;
/*!40101 SET CHARACTER_SET_RESULTS=@OLD_CHARACTER_SET_RESULTS */;
/*!40101 SET COLLATION_CONNECTION=@OLD_COLLATION_CONNECTION */;
