-- phpMyAdmin SQL Dump
-- version 5.1.1
-- https://www.phpmyadmin.net/
--
-- Host: 127.0.0.1
-- Generation Time: Apr 18, 2022 at 11:56 PM
-- Server version: 10.4.22-MariaDB
-- PHP Version: 8.1.2

SET SQL_MODE = "NO_AUTO_VALUE_ON_ZERO";
START TRANSACTION;
SET time_zone = "+00:00";


/*!40101 SET @OLD_CHARACTER_SET_CLIENT=@@CHARACTER_SET_CLIENT */;
/*!40101 SET @OLD_CHARACTER_SET_RESULTS=@@CHARACTER_SET_RESULTS */;
/*!40101 SET @OLD_COLLATION_CONNECTION=@@COLLATION_CONNECTION */;
/*!40101 SET NAMES utf8mb4 */;

--
-- Database: `warehouse_management`
--

-- --------------------------------------------------------

--
-- Table structure for table `customer`
--

CREATE TABLE `customer` (
  `Customer_ID` varchar(10) NOT NULL,
  `Cust_pass` varchar(30) NOT NULL,
  `Company_name` varchar(20) NOT NULL,
  `Address` varchar(255) DEFAULT NULL
) ENGINE=InnoDB DEFAULT CHARSET=utf8mb4;

--
-- Dumping data for table `customer`
--

INSERT INTO `customer` (`Customer_ID`, `Cust_pass`, `Company_name`, `Address`) VALUES
('001', 'acindustrial01', 'A.C. Industrial', NULL),
('002', 'atn01', 'ATN', NULL),
('003', 'axalta01', 'Axalta', NULL),
('004', 'brandcastle01', 'Brand Castle', NULL),
('005', 'darko01', 'Darko', NULL),
('006', 'jbweld01', 'JB Weld', NULL),
('007', 'noco01', 'Noco', NULL),
('008', 'otis01', 'Otis', NULL),
('009', 'paintcle01', 'Paint Cle', NULL),
('010', 'portage01', 'Portage', NULL),
('011', 'radiantelectric01', 'Radiant Electric', NULL),
('012', 'ranpak01', 'Ranpak Corp', NULL),
('013', 'rochling01', 'Rochling', NULL),
('014', 'universalpack01', 'Universal Packaging', NULL);

-- --------------------------------------------------------

--
-- Table structure for table `emp_information`
--

CREATE TABLE `emp_information` (
  `Emp_ID` varchar(20) NOT NULL,
  `Emp_pass` varchar(30) NOT NULL,
  `Emp_name` varchar(70) NOT NULL,
  `emp_per_level` int(11) NOT NULL,
  `Email` varchar(255) NOT NULL,
  `Phone_num` varchar(15) NOT NULL
) ENGINE=InnoDB DEFAULT CHARSET=utf8mb4;

--
-- Dumping data for table `emp_information`
--

INSERT INTO `emp_information` (`Emp_ID`, `Emp_pass`, `Emp_name`, `emp_per_level`, `Email`, `Phone_num`) VALUES
('1597896', 'CandorTrans01', 'Gino Chiudioni', 11, 'gtchiudi20@gmail.com', '440-665-5140');

-- --------------------------------------------------------

--
-- Table structure for table `location`
--

CREATE TABLE `location` (
  `Location_num` varchar(10) NOT NULL,
  `SKU` varchar(30) NOT NULL,
  `Count` int(1) DEFAULT NULL,
  `Loc_piece_count` int(5) DEFAULT NULL,
  `Warehouse_ID` varchar(10) DEFAULT NULL,
  `Location_type` varchar(7) DEFAULT NULL
) ENGINE=InnoDB DEFAULT CHARSET=utf8;

--
-- Dumping data for table `location`
--

INSERT INTO `location` (`Location_num`, `SKU`, `Count`, `Loc_piece_count`, `Warehouse_ID`, `Location_type`) VALUES
('01-01-2-3', 'CAN1WR', 1, 54720, '001', 'Racking'),
('01-01-3-1', '5WH', 1, 6720, '001', 'Racking'),
('01-01-3-2', '5WH', 1, 6720, '001', 'Racking'),
('01-01-3-3', '5WR', 1, 6720, '001', 'Racking'),
('01-02-2-1', '1KH', 1, 54720, '001', 'Racking'),
('01-02-2-2', '1KR', 1, 54720, '001', 'Racking'),
('01-02-2-3', '1KH', 1, 27360, '001', 'Racking'),
('01-02-3-1', '5WH', 1, 6720, '001', 'Racking'),
('01-02-3-2', '5WR', 1, 6720, '001', 'Racking'),
('02-01-1-1', '1KH', 1, 27360, '001', 'Racking'),
('02-01-2-1', '1WR', 1, 27360, '001', 'Racking'),
('02-01-3-1', '5WR', 1, 6720, '001', 'Racking'),
('02-01-3-2', '5WH', 1, 6720, '001', 'Racking'),
('02-02-2-1', '1KR', 1, 54720, '001', 'Racking'),
('02-02-3-1', '5WH', 1, 6720, '001', 'Racking'),
('02-02-3-2', '1WR', 1, 27360, '001', 'Racking'),
('02-03-1-1', 'SA-0510', 1, 50, '001', 'Racking'),
('02-03-1-2', 'SA-0510', 1, 46, '001', 'Racking'),
('02-03-2-1', '1KH', 1, 54720, '001', 'Racking'),
('02-03-2-2', '1WR', 1, 54720, '001', 'Racking'),
('02-03-3-1', '5WH', 1, 3360, '001', 'Racking'),
('02-03-3-2', '5WH', 1, 3360, '001', 'Racking'),
('02-04-1-1', 'SA-0510', 1, 50, '001', 'Racking'),
('02-04-1-2', 'SA-0510', 1, 45, '001', 'Racking'),
('02-04-2-1', '1KH', 1, 3420, '001', 'Racking'),
('02-04-2-2', '1KR', 1, 54720, '001', 'Racking'),
('02-04-3-1', '1WR', 1, 27360, '001', 'Racking'),
('02-04-3-2', '5WH', 1, 3360, '001', 'Racking'),
('02-05-1-1', 'SA-0510', 1, 25, '001', 'Racking'),
('02-05-2-1', '1WH', 1, 26220, '001', 'Racking'),
('02-05-2-2', 'CAN1WH', 1, 54720, '001', 'Racking'),
('02-05-3-1', '1WR', 1, 27360, '001', 'Racking'),
('02-05-3-2', '5WR', 1, 6720, '001', 'Racking'),
('02-06-2-1', 'GER1KH', 1, 27360, '001', 'Racking'),
('02-06-2-2', '1WH', 1, 54720, '001', 'Racking'),
('02-06-3-1', '5WH', 1, 3360, '001', 'Racking'),
('02-06-3-2', '5WH', 1, 3360, '001', 'Racking'),
('02-07-2-1', 'GER1WH', 1, 27360, '001', 'Racking'),
('02-07-3-1', '5WH', 1, 3360, '001', 'Racking'),
('02-07-3-2', '5WR', 1, 3360, '001', 'Racking'),
('03-01-2-1', 'KP35B', 1, 608, '001', 'Racking'),
('03-01-2-2', '1600x12', 1, 18, '001', 'Racking'),
('03-01-3-1', '1WH', 1, 27360, '001', 'Racking'),
('03-01-3-2', '1WR', 1, 27360, '001', 'Racking'),
('03-01-4-2', 'CAN1WH', 1, 27360, '001', 'Racking'),
('03-02-1-1', 'CL48-BL', 1, 792, '001', 'Racking'),
('03-02-1-2', 'JG1908-826', 1, 960, '001', 'Racking'),
('03-02-2-1', 'KP35G', 1, 640, '001', 'Racking'),
('03-02-2-2', 'KP35L', 1, 320, '001', 'Racking'),
('03-02-3-1', '1WR', 1, 27360, '001', 'Racking'),
('03-02-3-2', 'KP35D', 1, 576, '001', 'Racking'),
('03-02-4-2', '5WH', 1, 3360, '001', 'Racking'),
('04-01-1-1', '1200X3', 1, 59, '001', 'Racking'),
('04-02-1-1', '1100', 1, 910, '001', 'Racking'),
('04-02-1-3', '7000X3', 1, 1440, '001', 'Racking'),
('04-02-2-1', '1100', 1, 552, '001', 'Racking'),
('04-02-2-2', 'KP35GG', 1, 928, '001', 'Racking'),
('04-02-2-3', '7500X3', 1, 624, '001', 'Racking'),
('04-02-3-2', '8000x12', 1, 168, '001', 'Racking'),
('04-02-4-2', '1WH', 1, 27360, '001', 'Racking'),
('04-02-4-3', '1KH', 1, 27360, '001', 'Racking'),
('04-03-1-1', '200X12', 1, 13, '001', 'Racking'),
('04-03-1-2', '1250 x12', 1, 146, '001', 'Racking'),
('04-03-1-3', 'CL36-BL', 1, 1951, '001', 'Racking'),
('04-03-2-2', '7800x3', 1, 384, '001', 'Racking'),
('04-03-2-3', 'AB10/20S', 1, 66, '001', 'Racking'),
('04-03-3-1', '7000X3', 1, 156, '001', 'Racking'),
('04-03-3-2', '8000x12', 1, 10, '001', 'Racking'),
('04-03-3-3', 'JG6155-23', 1, 520, '001', 'Racking'),
('04-03-4-1', 'GER1WH', 1, 27360, '001', 'Racking'),
('04-03-4-2', '1MR', 1, 25460, '001', 'Racking'),
('04-03-4-3', '5WH', 1, 6720, '001', 'Racking'),
('04-04-1-1', 'PC-1074', 1, 22, '001', 'Racking'),
('04-04-1-2', 'PC-1013', 1, 1, '001', 'Racking'),
('04-04-1-3', '300X12', 1, 162, '001', 'Racking'),
('04-04-2-1', 'AB5/10S', 1, 240, '001', 'Racking'),
('04-04-2-2', '7250X3', 1, 2400, '001', 'Racking'),
('04-04-2-3', '7600X3', 1, 48, '001', 'Racking'),
('04-04-3-2', '7250X3', 1, 96, '001', 'Racking'),
('04-04-3-3', '7500X3', 1, 1008, '001', 'Racking'),
('04-04-4-3', 'CAN1KH', 1, 27360, '001', 'Racking'),
('04-05-1-1', '200X3', 1, 1632, '001', 'Racking'),
('04-05-1-2', 'AB8-S', 1, 378, '001', 'Racking'),
('04-05-1-3', 'AB8-S', 1, 27, '001', 'Racking'),
('04-05-2-1', '1000X12', 1, 36, '001', 'Racking'),
('04-05-2-3', '8100', 1, 264, '001', 'Racking'),
('04-05-3-1', 'AB2-S', 1, 33, '001', 'Racking'),
('04-05-3-2', '5KR', 1, 3360, '001', 'Racking'),
('04-05-3-3', '200X3', 1, 144, '001', 'Racking'),
('04-06-1-1', '1600x12', 1, 324, '001', 'Racking'),
('04-06-1-2', 'AB2-S', 1, 900, '001', 'Racking'),
('04-06-1-3', 'AB8-S', 1, 360, '001', 'Racking'),
('04-06-2-1', '8800', 1, 264, '001', 'Racking'),
('04-06-2-2', '9100', 1, 9, '001', 'Racking'),
('04-06-3-2', '100X3', 1, 384, '001', 'Racking'),
('04-06-3-3', 'CL36-BL', 1, 648, '001', 'Racking'),
('04-06-4-1', '5WH', 1, 6720, '001', 'Racking'),
('04-06-4-2', '5WH', 1, 6720, '001', 'Racking'),
('04-06-4-3', '5WH', 1, 6720, '001', 'Racking'),
('04-07-1-1', 'AB2-S', 1, 900, '001', 'Racking'),
('04-07-1-2', 'AB2-S', 1, 900, '001', 'Racking'),
('04-07-1-3', 'AB2-S', 1, 900, '001', 'Racking'),
('04-07-2-1', '200X12', 1, 1, '001', 'Racking'),
('04-07-2-2', 'JG1908-805', 1, 760, '001', 'Racking'),
('04-07-2-3', '100x12', 1, 181, '001', 'Racking'),
('04-07-3-1', 'KP24D', 1, 1824, '001', 'Racking'),
('04-07-3-2', 'JG6155-21', 1, 500, '001', 'Racking'),
('04-07-3-3', '7200X12', 1, 84, '001', 'Racking'),
('04-07-4-1', '5WH', 1, 6720, '001', 'Racking'),
('04-07-4-2', '5WH', 1, 6720, '001', 'Racking'),
('04-07-4-3', '5WR', 1, 6720, '001', 'Racking'),
('04-08-1-1', 'AB2-S', 1, 900, '001', 'Racking'),
('04-08-1-2', 'AB2-S', 1, 900, '001', 'Racking'),
('04-08-1-3', 'AB2-S', 1, 900, '001', 'Racking'),
('04-08-2-1', 'AB2-S', 1, 12, '001', 'Racking'),
('04-08-2-2', '8000x12', 1, 1, '001', 'Racking'),
('04-08-2-3', '8100X3', 1, 288, '001', 'Racking'),
('04-08-3-1', 'KP35BB', 1, 864, '001', 'Racking'),
('04-08-3-2', 'JG6155-16', 1, 500, '001', 'Racking'),
('04-08-3-3', 'JG6155-17', 1, 500, '001', 'Racking'),
('04-08-4-2', '1KR', 1, 27360, '001', 'Racking'),
('04-08-4-3', '1WH', 1, 54720, '001', 'Racking'),
('04-09-1-1', 'KA-0573', 1, 2, '001', 'Racking'),
('04-09-1-2', 'KA-0573', 1, 2, '001', 'Racking'),
('04-09-2-1', '225x12', 1, 84, '001', 'Racking'),
('04-09-2-2', '7900 x3', 1, 624, '001', 'Racking'),
('04-09-3-3', 'KP35DB', 1, 928, '001', 'Racking'),
('04-10-1-1', '1000X12', 1, 398, '001', 'Racking'),
('04-10-1-2', 'AB8-S', 1, 378, '001', 'Racking'),
('04-10-1-3', '7400 x12', 1, 396, '001', 'Racking'),
('04-10-2-1', 'KP35GW', 1, 928, '001', 'Racking'),
('04-10-2-2', 'KP35DW', 1, 928, '001', 'Racking'),
('04-10-2-3', 'KP35BG', 1, 928, '001', 'Racking'),
('04-10-3-2', 'KP35BW', 1, 928, '001', 'Racking'),
('04-10-3-3', '100X3', 1, 1008, '001', 'Racking'),
('04-10-4-1', '5WH', 1, 3360, '001', 'Racking'),
('04-10-4-3', '1WH', 1, 54720, '001', 'Racking'),
('04-11-1-1', 'KA-0573', 1, 2, '001', 'Racking'),
('04-11-1-2', 'KA-0573', 1, 2, '001', 'Racking'),
('04-11-2-3', 'JG1908-813', 1, 1000, '001', 'Racking'),
('04-11-3-1', '7600X3', 1, 960, '001', 'Racking'),
('04-11-3-2', '200X3', 1, 624, '001', 'Racking'),
('04-11-3-3', '225x12', 1, 96, '001', 'Racking'),
('04-11-4-1', '1WR', 1, 54720, '001', 'Racking'),
('04-11-4-3', '5KH', 1, 6720, '001', 'Racking'),
('04-12-1-1', 'AB4/8', 1, 96, '001', 'Racking'),
('04-12-1-2', 'AB10-S', 1, 156, '001', 'Racking'),
('04-12-1-3', 'AB8-S', 1, 378, '001', 'Racking'),
('04-12-2-1', 'KP24B', 1, 1792, '001', 'Racking'),
('04-12-2-2', '700x12', 1, 108, '001', 'Racking'),
('04-12-2-3', '7400x3', 1, 240, '001', 'Racking'),
('04-12-3-1', 'JG6155-16', 1, 210, '001', 'Racking'),
('04-12-3-2', 'JG8035-7810', 1, 210, '001', 'Racking'),
('04-12-3-3', '7000X12', 1, 10, '001', 'Racking'),
('04-12-4-3', '5KR', 1, 6720, '001', 'Racking'),
('04-13-1-1', 'AB8-S', 1, 378, '001', 'Racking'),
('04-13-1-2', '700x12', 1, 600, '001', 'Racking'),
('04-13-2-1', 'JG8035-7821', 1, 210, '001', 'Racking'),
('04-13-2-2', '03-00301-1', 1, 405, '001', 'Racking'),
('04-13-2-3', 'JG6155-23', 1, 210, '001', 'Racking'),
('04-13-3-1', 'KP35DG', 1, 928, '001', 'Racking'),
('04-13-3-2', 'KP24L-3', 1, 2688, '001', 'Racking'),
('04-13-3-3', 'GBX55', 1, 144, '001', 'Racking'),
('04-13-4-2', '5WH', 1, 6720, '001', 'Racking'),
('04-13-4-3', '5WR', 1, 6720, '001', 'Racking'),
('04-14-2-1', '600', 1, 378, '001', 'Racking'),
('04-14-2-2', '620', 1, 264, '001', 'Racking'),
('04-14-3-1', 'KP35GB', 1, 896, '001', 'Racking'),
('04-14-3-2', 'KP35LB', 1, 928, '001', 'Racking'),
('04-14-3-3', 'Frames', 1, 1, '001', 'Racking'),
('04-14-4-1', 'FPSL2N STAND AND FRAME', 1, 1, '001', 'Racking'),
('04-14-4-2', '1WH', 1, 54720, '001', 'Racking'),
('04-14-4-3', '1WR', 1, 54720, '001', 'Racking'),
('04-15-1-1', 'AB10-S', 1, 248, '001', 'Racking'),
('04-15-1-2', '8000x12', 1, 372, '001', 'Racking'),
('04-15-2-1', '630', 1, 240, '001', 'Racking'),
('04-15-2-2', '610', 1, 288, '001', 'Racking'),
('04-15-3-1', 'Frames', 1, 1, '001', 'Racking'),
('04-15-3-3', 'DS-5174', 1, 1, '001', 'Racking'),
('04-15-4-1', '1WH', 1, 54720, '001', 'Racking'),
('04-15-4-2', '1WR', 1, 54720, '001', 'Racking'),
('04-15-4-3', '1WH', 1, 54720, '001', 'Racking'),
('04-16-1-1', '7000X3', 1, 864, '001', 'Racking'),
('04-16-1-3', '7800 x12', 1, 348, '001', 'Racking'),
('04-16-2-1', 'Frames', 1, 1, '001', 'Racking'),
('04-16-2-2', 'DS-0596', 1, 2, '001', 'Racking'),
('04-16-2-3', 'FP-0537', 1, 1, '001', 'Racking'),
('04-16-3-1', 'DS-5144', 1, 1, '001', 'Racking'),
('04-16-3-2', 'DS-5144', 1, 1, '001', 'Racking'),
('04-16-3-3', 'DS-5144', 1, 1, '001', 'Racking'),
('04-16-4-1', '1WR', 1, 54720, '001', 'Racking'),
('04-16-4-3', '1WR', 1, 54720, '001', 'Racking'),
('04-17-1-1', 'LITTLE DAVID', 1, 1, '001', 'Racking'),
('05-01-1-1', '11000988', 1, 25, '001', 'Racking'),
('05-01-1-2', '11000988', 1, 25, '001', 'Racking'),
('05-01-1-3', '11000988', 1, 25, '001', 'Racking'),
('05-01-1-4', '11000988', 1, 25, '001', 'Racking'),
('05-01-2-2', 'AB5/10S', 1, 756, '001', 'Racking'),
('05-01-2-3', 'AB5/10S', 1, 852, '001', 'Racking'),
('05-01-2-4', 'AB5/10S', 1, 864, '001', 'Racking'),
('05-02-1-1', '11000988', 1, 25, '001', 'Racking'),
('05-02-1-2', 'WR2448.25 5.55.25', 1, 5, '001', 'Racking'),
('05-02-1-3', '11000988', 1, 25, '001', 'Racking'),
('05-02-1-4', 'WR2448.25 5.55.25', 1, 5, '001', 'Racking'),
('05-02-2-2', '9100 x24', 1, 3024, '001', 'Racking'),
('05-02-2-3', '9100 x24', 1, 1728, '001', 'Racking'),
('05-03-1-3', '1000X12', 1, 504, '001', 'Racking'),
('05-03-2-2', 'AB3/6-S', 1, 1000, '001', 'Racking'),
('05-03-2-3', 'AB3/6-S', 1, 660, '001', 'Racking'),
('05-03-2-4', 'AB3/6-S', 1, 1000, '001', 'Racking'),
('05-03-3-2', '153311W', 1, 80, '001', 'Racking'),
('05-03-3-4', '153311W', 1, 80, '001', 'Racking'),
('05-04-1-1', '125x12', 1, 238, '001', 'Racking'),
('05-04-1-4', 'WRAPPAKEX-BM', 1, 40, '001', 'Racking'),
('05-04-2-2', 'AB10/20S', 1, 119, '001', 'Racking'),
('05-04-2-4', 'AB10/20S', 1, 315, '001', 'Racking'),
('05-04-3-1', '153311W', 1, 80, '001', 'Racking'),
('05-04-3-2', '153311W', 1, 80, '001', 'Racking'),
('05-04-3-3', '153311W', 1, 80, '001', 'Racking'),
('05-04-3-4', '153311W', 1, 80, '001', 'Racking'),
('05-05-1-4', 'AB6/12S', 1, 96, '001', 'Racking'),
('05-05-2-3', 'AB3/6-S', 1, 1080, '001', 'Racking'),
('05-05-3-1', '200X12', 1, 576, '001', 'Racking'),
('05-05-3-2', '153311W', 1, 80, '001', 'Racking'),
('05-05-3-3', '200X12', 1, 576, '001', 'Racking'),
('05-05-3-4', '153311W', 1, 80, '001', 'Racking'),
('05-06-1-2', 'AB4/8', 1, 800, '001', 'Racking'),
('05-06-1-3', 'AB4/8', 1, 816, '001', 'Racking'),
('05-06-1-4', 'AB4/8', 1, 800, '001', 'Racking'),
('05-06-2-2', '153311W', 1, 80, '001', 'Racking'),
('05-06-2-3', '7000X12', 1, 216, '001', 'Racking'),
('05-06-2-4', '153311W', 1, 80, '001', 'Racking'),
('05-06-3-1', 'C00253360', 1, 1, '001', 'Racking'),
('05-06-3-2', '11000970', 1, 2, '001', 'Racking'),
('05-06-3-4', '11000970', 1, 2, '001', 'Racking'),
('05-07-1-1', 'Misc Machine', 1, 1, '001', 'Racking'),
('05-07-1-2', 'Ultra Pozz', 1, 27, '001', 'Racking'),
('05-07-1-3', 'Misc Machine', 1, 1, '001', 'Racking'),
('05-07-1-4', 'WR2448.25 5.55.25', 1, 2, '001', 'Racking'),
('05-07-2-1', 'JG1908-811', 1, 1000, '001', 'Racking'),
('05-07-2-2', 'AB5/10S', 1, 204, '001', 'Racking'),
('05-07-2-3', '7600X3', 1, 2304, '001', 'Racking'),
('05-07-2-4', '7000X12', 1, 576, '001', 'Racking'),
('05-07-3-1', '11000970', 1, 2, '001', 'Racking'),
('05-07-3-3', '11000970', 1, 2, '001', 'Racking'),
('05-08-2-1', '200X12', 1, 509, '001', 'Racking'),
('05-08-2-2', 'AB3/6-S', 1, 1300, '001', 'Racking'),
('05-08-2-3', '1500', 1, 492, '001', 'Racking'),
('05-08-3-1', '11000970', 1, 2, '001', 'Racking'),
('05-08-3-2', '11000970', 1, 1, '001', 'Racking'),
('05-08-3-3', '11000970', 1, 2, '001', 'Racking'),
('05-08-3-4', '11000970', 1, 1, '001', 'Racking'),
('05-09-1-1', '218020-K-008', 1, 13, '001', 'Racking'),
('05-09-1-2', '218020-K-005', 1, 25, '001', 'Racking'),
('05-09-1-3', '218020-K-008', 1, 13, '001', 'Racking'),
('05-09-1-4', '218020-K-008', 1, 13, '001', 'Racking'),
('05-09-2-1', '700x12', 1, 816, '001', 'Racking'),
('05-09-2-2', '400x12', 1, 132, '001', 'Racking'),
('05-09-2-3', '700x12', 1, 1080, '001', 'Racking'),
('05-09-2-4', '7000X12', 1, 588, '001', 'Racking'),
('05-09-3-1', '11000970', 1, 2, '001', 'Racking'),
('05-09-3-2', '11000970', 1, 2, '001', 'Racking'),
('05-09-3-3', '11000970', 1, 2, '001', 'Racking'),
('05-09-3-4', '11000970', 1, 2, '001', 'Racking'),
('05-10-1-1', '218248-C-056', 1, 14, '001', 'Racking'),
('05-10-1-2', '218020-K-008', 1, 13, '001', 'Racking'),
('05-10-1-3', '218020-K-002', 1, 16, '001', 'Racking'),
('05-10-1-4', '218020-K-002', 1, 16, '001', 'Racking'),
('05-10-2-1', '500', 1, 1464, '001', 'Racking'),
('05-10-2-2', '1000X12', 1, 72, '001', 'Racking'),
('05-10-2-3', '400x12', 1, 552, '001', 'Racking'),
('05-10-2-4', '125x12', 1, 424, '001', 'Racking'),
('05-10-3-1', '11000970', 1, 2, '001', 'Racking'),
('05-10-3-2', '11000970', 1, 2, '001', 'Racking'),
('05-10-3-3', '11000970', 1, 2, '001', 'Racking'),
('05-10-3-4', '11000970', 1, 2, '001', 'Racking'),
('05-11-1-2', 'Geamin4', 1, 11, '001', 'Racking'),
('05-11-1-3', 'Geamin4', 1, 21, '001', 'Racking'),
('05-11-1-4', 'Geamin4', 1, 21, '001', 'Racking'),
('05-11-2-1', 'KA-0573', 1, 4, '001', 'Racking'),
('05-11-2-2', 'KA-0573', 1, 4, '001', 'Racking'),
('05-11-2-4', 'KA-0573', 1, 4, '001', 'Racking'),
('05-11-3-1', '11000970', 1, 2, '001', 'Racking'),
('05-11-3-2', '11000970', 1, 2, '001', 'Racking'),
('05-11-3-3', '11000970', 1, 2, '001', 'Racking'),
('05-11-3-4', '11000970', 1, 2, '001', 'Racking'),
('05-12-1-1', '8100', 1, 672, '001', 'Racking'),
('05-12-1-2', '1200x12', 1, 250, '001', 'Racking'),
('05-12-1-3', '8100', 1, 5304, '001', 'Racking'),
('05-12-1-4', '1200x12', 1, 720, '001', 'Racking'),
('05-12-2-1', 'KA-0573', 1, 4, '001', 'Racking'),
('05-12-2-2', 'KA-0573', 1, 4, '001', 'Racking'),
('05-12-2-3', 'KA-0573', 1, 4, '001', 'Racking'),
('05-12-2-4', 'KA-0573', 1, 4, '001', 'Racking'),
('05-12-3-1', '11000970', 1, 2, '001', 'Racking'),
('05-12-3-2', '11000970', 1, 2, '001', 'Racking'),
('05-12-3-3', '11000970', 1, 2, '001', 'Racking'),
('05-12-3-4', '11000970', 1, 2, '001', 'Racking'),
('05-13-1-2', 'AB4/8-S', 1, 800, '001', 'Racking'),
('05-13-1-3', '7900 x3', 1, 197, '001', 'Racking'),
('05-13-1-4', 'AB4/8-S', 1, 800, '001', 'Racking'),
('05-13-2-2', 'KA-0573', 1, 4, '001', 'Racking'),
('05-13-2-3', 'AB8-S', 1, 18, '001', 'Racking'),
('05-13-2-4', 'AB8-S', 1, 345, '001', 'Racking'),
('05-13-3-1', '11000970', 1, 2, '001', 'Racking'),
('05-13-3-2', '11000970', 1, 2, '001', 'Racking'),
('05-13-3-3', '11000970', 1, 2, '001', 'Racking'),
('05-13-3-4', '11000970', 1, 2, '001', 'Racking'),
('05-14-1-1', 'AB4/8-S', 1, 800, '001', 'Racking'),
('05-14-1-2', '218020-K-008', 1, 13, '001', 'Racking'),
('05-14-1-3', '7200x3', 1, 2304, '001', 'Racking'),
('05-14-1-4', '218020-K-008', 1, 13, '001', 'Racking'),
('05-14-2-1', '11000970', 1, 2, '001', 'Racking'),
('05-14-2-2', '11000970', 1, 2, '001', 'Racking'),
('05-14-2-3', '11000970', 1, 2, '001', 'Racking'),
('05-14-2-4', '11000970', 1, 2, '001', 'Racking'),
('05-14-3-1', '11000970', 1, 2, '001', 'Racking'),
('05-14-3-2', '11000970', 1, 2, '001', 'Racking'),
('05-14-3-3', '11000970', 1, 2, '001', 'Racking'),
('05-14-3-4', '11000970', 1, 2, '001', 'Racking'),
('05-15-1-1', '225x12', 1, 504, '001', 'Racking'),
('05-15-1-2', '218020-K-008', 1, 13, '001', 'Racking'),
('05-15-1-3', '225x12', 1, 504, '001', 'Racking'),
('05-15-1-4', '218020-K-008', 1, 13, '001', 'Racking'),
('05-15-2-1', '11000970', 1, 2, '001', 'Racking'),
('05-15-2-2', '11000970', 1, 2, '001', 'Racking'),
('05-15-2-4', '11000970', 1, 4, '001', 'Racking'),
('05-15-3-1', '11000970', 1, 2, '001', 'Racking'),
('05-15-3-2', '11000970', 1, 2, '001', 'Racking'),
('05-15-3-3', '11000970', 1, 2, '001', 'Racking'),
('05-15-3-4', '11000970', 1, 2, '001', 'Racking'),
('05-16-1-1', 'Misc Machine', 1, 1, '001', 'Racking'),
('05-16-1-2', '7200X12', 1, 252, '001', 'Racking'),
('05-16-1-3', '0 3/4', 1, 24, '001', 'Racking'),
('05-16-1-4', '7200X12', 1, 576, '001', 'Racking'),
('05-16-2-1', '11000970', 1, 2, '001', 'Racking'),
('05-16-2-2', '11000970', 1, 2, '001', 'Racking'),
('05-16-2-3', '11000970', 1, 2, '001', 'Racking'),
('05-16-2-4', '11000970', 1, 2, '001', 'Racking'),
('05-16-3-2', '11000970', 1, 2, '001', 'Racking'),
('05-16-3-4', '11000970', 1, 2, '001', 'Racking'),
('05-17-1-1', '8000x12', 1, 648, '001', 'Racking'),
('05-17-1-2', '8000x12', 1, 648, '001', 'Racking'),
('05-17-1-3', '8000x12', 1, 648, '001', 'Racking'),
('05-17-1-4', '8000x12', 1, 648, '001', 'Racking'),
('05-17-2-1', '11000970', 1, 2, '001', 'Racking'),
('05-17-2-2', '11000970', 1, 2, '001', 'Racking'),
('05-17-2-3', '11000970', 1, 2, '001', 'Racking'),
('05-17-2-4', '11000970', 1, 2, '001', 'Racking'),
('05-17-3-1', '11000970', 1, 2, '001', 'Racking'),
('05-17-3-2', '11000970', 1, 2, '001', 'Racking'),
('05-17-3-3', '11000970', 1, 2, '001', 'Racking'),
('05-17-3-4', '11000970', 1, 2, '001', 'Racking'),
('05-18-1-1', '8000x12', 1, 648, '001', 'Racking'),
('05-18-1-3', '8000x12', 1, 648, '001', 'Racking'),
('05-18-2-1', '11000970', 1, 2, '001', 'Racking'),
('05-18-2-2', '11000970', 1, 2, '001', 'Racking'),
('05-18-2-3', '11000970', 1, 2, '001', 'Racking'),
('05-18-2-4', '11000970', 1, 2, '001', 'Racking'),
('05-18-3-1', '11000970', 1, 2, '001', 'Racking'),
('05-18-3-2', '11000970', 1, 2, '001', 'Racking'),
('05-18-3-3', '11000970', 1, 2, '001', 'Racking'),
('05-18-3-4', '11000970', 1, 2, '001', 'Racking'),
('05-19-2-1', 'GWR402B1', 1, 72, '001', 'Racking'),
('05-19-2-2', '11000970', 1, 2, '001', 'Racking'),
('05-19-2-3', 'GWR402B1', 1, 36, '001', 'Racking'),
('05-19-2-4', '11000970', 1, 2, '001', 'Racking'),
('05-19-3-1', '11000970', 1, 2, '001', 'Racking'),
('05-19-3-2', '11000970', 1, 2, '001', 'Racking'),
('05-19-3-3', '11000970', 1, 2, '001', 'Racking'),
('05-19-3-4', '11000970', 1, 2, '001', 'Racking'),
('05-20-1-1', 'AB4/8', 1, 282, '001', 'Racking'),
('05-20-1-2', '03-00327-1', 1, 216, '001', 'Racking'),
('05-20-1-3', '7600X3', 1, 285, '001', 'Racking'),
('05-20-1-4', '03-00327-1', 1, 216, '001', 'Racking'),
('05-20-2-1', '11000970', 1, 2, '001', 'Racking'),
('05-20-2-2', '11000970', 1, 2, '001', 'Racking'),
('05-20-2-3', '11000970', 1, 2, '001', 'Racking'),
('05-20-2-4', '11000970', 1, 2, '001', 'Racking'),
('05-21-1-1', 'GBC014', 1, 80, '001', 'Racking'),
('05-21-1-2', 'GBX75', 1, 84, '001', 'Racking'),
('05-21-1-4', 'GENIUS 2X2', 1, 84, '001', 'Racking'),
('05-21-2-1', '11000970', 1, 2, '001', 'Racking'),
('05-21-2-2', '11000970', 1, 2, '001', 'Racking'),
('05-21-2-3', '11000970', 1, 2, '001', 'Racking'),
('05-21-2-4', '11000970', 1, 2, '001', 'Racking'),
('05-21-3-1', '11000970', 1, 2, '001', 'Racking'),
('05-21-3-2', '11000970', 1, 2, '001', 'Racking'),
('05-21-3-3', '11000970', 1, 2, '001', 'Racking'),
('05-21-3-4', '11000970', 1, 2, '001', 'Racking'),
('05-22-1-2', 'GBX55', 1, 108, '001', 'Racking'),
('05-22-1-3', 'GBC015', 1, 62, '001', 'Racking'),
('05-22-1-4', 'GBX45', 1, 294, '001', 'Racking'),
('05-22-2-1', '11000970', 1, 2, '001', 'Racking'),
('05-22-2-2', '100x12', 1, 504, '001', 'Racking'),
('05-22-2-3', '11000970', 1, 2, '001', 'Racking'),
('05-22-2-4', '100x12', 1, 504, '001', 'Racking'),
('05-22-3-1', '11000970', 1, 2, '001', 'Racking'),
('05-22-3-2', '11000970', 1, 2, '001', 'Racking'),
('05-22-3-3', '11000970', 1, 2, '001', 'Racking'),
('05-22-3-4', '11000970', 1, 2, '001', 'Racking'),
('06-01-1-2', 'GB150', 1, 10, '001', 'Racking'),
('06-01-1-3', 'GENIUS 2X4', 1, 68, '001', 'Racking'),
('06-01-1-4', 'FFF', 1, 4, '001', 'Racking'),
('06-01-2-1', '11000970', 1, 2, '001', 'Racking'),
('06-01-2-2', '10001183', 1, 1, '001', 'Racking'),
('06-01-2-3', '11000970', 1, 2, '001', 'Racking'),
('06-01-2-4', '10001183', 1, 1, '001', 'Racking'),
('06-02-1-1', 'GBX45', 1, 126, '001', 'Racking'),
('06-02-1-2', 'GBX55', 1, 96, '001', 'Racking'),
('06-02-1-3', 'GC040', 1, 112, '001', 'Racking'),
('06-02-1-4', 'GB40', 1, 96, '001', 'Racking'),
('06-02-2-1', '11000970', 1, 2, '001', 'Racking'),
('06-02-2-2', '11000970', 1, 2, '001', 'Racking'),
('06-02-2-3', '11000970', 1, 2, '001', 'Racking'),
('06-02-2-4', '11000970', 1, 2, '001', 'Racking'),
('06-03-1-1', 'GB40', 1, 630, '001', 'Racking'),
('06-03-1-2', 'GB40', 1, 630, '001', 'Racking'),
('06-03-1-3', 'GB40', 1, 630, '001', 'Racking'),
('06-03-1-4', 'GENIUS 2X2', 1, 240, '001', 'Racking'),
('06-04-1-1', 'GENIUS 2X2', 1, 240, '001', 'Racking'),
('06-04-1-2', 'GB40', 1, 630, '001', 'Racking'),
('06-04-1-3', 'GENIUS 2X2', 1, 240, '001', 'Racking'),
('06-04-1-4', 'GB40', 1, 630, '001', 'Racking'),
('06-04-2-1', '218020-K-005', 1, 32, '001', 'Racking'),
('06-04-2-2', '218020-K-008', 1, 13, '001', 'Racking'),
('06-04-2-3', '218020-K-005', 1, 32, '001', 'Racking'),
('06-04-2-4', '218020-K-004', 1, 18, '001', 'Racking'),
('06-04-3-1', 'WPCHRED4', 1, 6000, '001', 'Racking'),
('06-04-3-2', 'WPCHCKWHT7', 1, 3840, '001', 'Racking'),
('06-04-3-3', 'WPCHRED4', 1, 6000, '001', 'Racking'),
('06-04-3-4', 'WPCHCKWHT7', 1, 3840, '001', 'Racking'),
('06-05-1-1', 'GB40', 1, 630, '001', 'Racking'),
('06-05-1-2', 'GB40', 1, 630, '001', 'Racking'),
('06-05-1-3', 'GB40', 1, 630, '001', 'Racking'),
('06-05-1-4', 'GB40', 1, 630, '001', 'Racking'),
('06-05-2-1', '218020-K-008', 1, 13, '001', 'Racking'),
('06-05-2-2', '218020-K-008', 1, 13, '001', 'Racking'),
('06-05-2-3', '218020-K-008', 1, 13, '001', 'Racking'),
('06-05-2-4', '218020-K-008', 1, 13, '001', 'Racking'),
('06-05-3-1', 'WPCHCKWHT7', 1, 3840, '001', 'Racking'),
('06-05-3-2', 'WPCHCKWHT7', 1, 3840, '001', 'Racking'),
('06-05-3-3', 'WPCHCKWHT7', 1, 3840, '001', 'Racking'),
('06-05-3-4', 'WPCHCKWHT7', 1, 3840, '001', 'Racking'),
('06-06-1-1', 'GB40', 1, 630, '001', 'Racking'),
('06-06-1-3', 'Misc Machine', 1, 1, '001', 'Racking'),
('06-06-1-4', 'Misc Machine', 1, 1, '001', 'Racking'),
('06-06-2-1', 'WPCHWHT4-SP', 1, 7200, '001', 'Racking'),
('06-06-2-2', 'WPCHWHT4-SP', 1, 5850, '001', 'Racking'),
('06-06-2-3', 'WPCHWHT4-SP', 1, 7200, '001', 'Racking'),
('06-06-2-4', 'WPCHWHT4-SP', 1, 7200, '001', 'Racking'),
('06-06-3-1', 'WPCHCKWHT7', 1, 3840, '001', 'Racking'),
('06-06-3-2', 'WPCHCKWHT7', 1, 3840, '001', 'Racking'),
('06-06-3-3', 'WPCHCKWHT7', 1, 3840, '001', 'Racking'),
('06-06-3-4', 'WPCHCKWHT7', 1, 3840, '001', 'Racking'),
('06-07-1-2', 'Misc Machine', 1, 1, '001', 'Racking'),
('06-07-2-1', 'WPCHRED4', 1, 5625, '001', 'Racking'),
('06-07-2-2', '11000970', 1, 2, '001', 'Racking'),
('06-07-2-3', '11000970', 1, 2, '001', 'Racking'),
('06-07-2-4', '11000970', 1, 2, '001', 'Racking'),
('06-07-3-1', 'WPCHRED4', 1, 6000, '001', 'Racking'),
('06-07-3-2', 'WPCHRED4', 1, 6000, '001', 'Racking'),
('06-07-3-3', 'WPCHRED4', 1, 6000, '001', 'Racking'),
('06-07-3-4', 'WPCHRED4', 1, 6000, '001', 'Racking'),
('06-08-1-1', 'GB40', 1, 630, '001', 'Racking'),
('06-08-1-2', 'GB40', 1, 630, '001', 'Racking'),
('06-08-1-3', 'GB40', 1, 630, '001', 'Racking'),
('06-08-1-4', 'GB40', 1, 630, '001', 'Racking'),
('06-08-2-1', '11000970', 1, 2, '001', 'Racking'),
('06-08-2-2', '11000970', 1, 2, '001', 'Racking'),
('06-08-2-3', '11000970', 1, 2, '001', 'Racking'),
('06-08-2-4', '11000970', 1, 2, '001', 'Racking'),
('06-08-3-1', 'WPCHRED4', 1, 6000, '001', 'Racking'),
('06-08-3-2', 'WPCHRED4', 1, 6000, '001', 'Racking'),
('06-08-3-3', 'WPCHRED4', 1, 6000, '001', 'Racking'),
('06-08-3-4', 'WPCHRED4', 1, 18000, '001', 'Racking'),
('06-09-1-1', 'Misc Machine', 1, 1, '001', 'Racking'),
('06-09-1-2', 'GB40', 1, 768, '001', 'Racking'),
('06-09-1-4', 'GB40', 1, 768, '001', 'Racking'),
('06-09-2-1', '11000970', 1, 2, '001', 'Racking'),
('06-09-2-2', '11000970', 1, 2, '001', 'Racking'),
('06-09-2-3', '11000970', 1, 2, '001', 'Racking'),
('06-09-2-4', '11000970', 1, 2, '001', 'Racking'),
('06-09-3-1', 'WPCHRED4', 1, 6000, '001', 'Racking'),
('06-09-3-2', 'WPCHRED4', 1, 6000, '001', 'Racking'),
('06-09-3-3', '11000970', 1, 2, '001', 'Racking'),
('06-09-3-4', '11000970', 1, 2, '001', 'Racking'),
('06-10-1-1', 'GBX55', 1, 174, '001', 'Racking'),
('06-10-1-2', 'GB40', 1, 768, '001', 'Racking'),
('06-10-1-3', 'GBX55', 1, 126, '001', 'Racking'),
('06-10-1-4', 'GB40', 1, 768, '001', 'Racking'),
('06-10-2-1', '11000970', 1, 2, '001', 'Racking'),
('06-10-2-2', '11000970', 1, 2, '001', 'Racking'),
('06-10-2-3', '11000970', 1, 2, '001', 'Racking'),
('06-10-2-4', '11000970', 1, 2, '001', 'Racking'),
('06-10-3-1', 'WPCHRED4', 1, 6000, '001', 'Racking'),
('06-10-3-2', 'WPCHRED4', 1, 6000, '001', 'Racking'),
('06-10-3-3', 'WPCHRED4', 1, 6000, '001', 'Racking'),
('06-10-3-4', 'WPCHRED4', 1, 6000, '001', 'Racking'),
('06-11-1-1', 'GB40', 1, 630, '001', 'Racking'),
('06-11-1-2', 'GB40', 1, 630, '001', 'Racking'),
('06-11-1-3', 'GB40', 1, 630, '001', 'Racking'),
('06-11-1-4', 'GB40', 1, 630, '001', 'Racking'),
('06-11-2-1', '11000970', 1, 2, '001', 'Racking'),
('06-11-2-2', '11000970', 1, 2, '001', 'Racking'),
('06-11-2-3', '11000970', 1, 2, '001', 'Racking'),
('06-11-2-4', '11000970', 1, 2, '001', 'Racking'),
('06-12-1-1', 'Misc Machine', 1, 1, '001', 'Racking'),
('06-12-1-2', 'GBX55', 1, 540, '001', 'Racking'),
('06-12-1-3', '11000970', 1, 2, '001', 'Racking'),
('06-12-1-4', 'GBX55', 1, 540, '001', 'Racking'),
('06-12-2-2', '11000970', 1, 2, '001', 'Racking'),
('06-12-2-3', 'DS-0596', 1, 1, '001', 'Racking'),
('06-12-2-4', '11000970', 1, 2, '001', 'Racking'),
('06-13-1-1', 'Misc Machine', 1, 1, '001', 'Racking'),
('06-13-1-2', 'GB40', 1, 768, '001', 'Racking'),
('06-13-1-4', 'GB40', 1, 768, '001', 'Racking'),
('06-13-2-1', '11000970', 1, 2, '001', 'Racking'),
('06-13-2-2', '11000970', 1, 2, '001', 'Racking'),
('06-13-2-3', '11000970', 1, 2, '001', 'Racking'),
('06-13-2-4', '11000970', 1, 2, '001', 'Racking'),
('06-14-1-1', 'GENIUS 2X2', 1, 242, '001', 'Racking'),
('06-14-1-2', 'GENIUS 2X2', 1, 242, '001', 'Racking'),
('06-14-1-3', 'GENIUS 2X2', 1, 242, '001', 'Racking'),
('06-14-1-4', 'GENIUS 2X2', 1, 242, '001', 'Racking'),
('06-14-2-1', '11000970', 1, 2, '001', 'Racking'),
('06-14-2-2', '11000970', 1, 2, '001', 'Racking'),
('06-14-2-3', '11000970', 1, 2, '001', 'Racking'),
('06-14-2-4', '11000970', 1, 2, '001', 'Racking'),
('06-14-3-2', '03-00319-1', 1, 324, '001', 'Racking'),
('06-14-3-4', '03-00319-1', 1, 324, '001', 'Racking'),
('06-15-1-1', 'GENIUS 2X2', 1, 242, '001', 'Racking'),
('06-15-1-2', 'GENIUS 2X2', 1, 250, '001', 'Racking'),
('06-15-1-3', 'GENIUS 2X2', 1, 242, '001', 'Racking'),
('06-15-1-4', 'GENIUS 2X2', 1, 262, '001', 'Racking'),
('06-15-2-1', '11000970', 1, 2, '001', 'Racking'),
('06-15-2-2', '11000970', 1, 2, '001', 'Racking'),
('06-15-2-3', '11000970', 1, 2, '001', 'Racking'),
('06-15-2-4', '11000970', 1, 2, '001', 'Racking'),
('06-15-3-1', '03-00319-1', 1, 324, '001', 'Racking'),
('06-15-3-2', '03-00319-1', 1, 324, '001', 'Racking'),
('06-15-3-3', '03-00319-1', 1, 324, '001', 'Racking'),
('06-15-3-4', '03-00319-1', 1, 324, '001', 'Racking'),
('06-16-1-1', 'GENIUS 2X2', 1, 238, '001', 'Racking'),
('06-16-1-2', 'GENIUS 2X2', 1, 264, '001', 'Racking'),
('06-16-1-3', 'GENIUS 2X2', 1, 242, '001', 'Racking'),
('06-16-1-4', 'GENIUS 2X2', 1, 242, '001', 'Racking'),
('06-16-2-1', '11000970', 1, 2, '001', 'Racking'),
('06-16-2-2', '11000970', 1, 2, '001', 'Racking'),
('06-16-2-3', '11000970', 1, 2, '001', 'Racking'),
('06-16-2-4', '11000970', 1, 2, '001', 'Racking'),
('06-16-3-1', '03-00319-1', 1, 324, '001', 'Racking'),
('06-16-3-2', 'WPCHRED4', 1, 6000, '001', 'Racking'),
('06-16-3-3', '03-00319-1', 1, 324, '001', 'Racking'),
('06-16-3-4', 'WPCHRED4', 1, 6000, '001', 'Racking'),
('06-17-1-1', 'GBX75', 1, 280, '001', 'Racking'),
('06-17-1-2', 'GENIUS 2X2', 1, 240, '001', 'Racking'),
('06-17-1-3', 'GBX75', 1, 280, '001', 'Racking'),
('06-17-1-4', 'GENIUS 2X2', 1, 240, '001', 'Racking'),
('06-17-2-1', '11000970', 1, 2, '001', 'Racking'),
('06-17-2-2', '11000970', 1, 2, '001', 'Racking'),
('06-17-2-3', '11000970', 1, 2, '001', 'Racking'),
('06-17-2-4', '11000970', 1, 2, '001', 'Racking'),
('06-17-3-1', 'WPCHCKORG4', 1, 5250, '001', 'Racking'),
('06-17-3-2', 'Blue Boxes', 1, 1, '001', 'Racking'),
('06-17-3-3', 'WPCHCKORG4', 1, 6000, '001', 'Racking'),
('06-17-3-4', 'Blue Boxes', 1, 1, '001', 'Racking'),
('06-18-1-1', 'GB40', 1, 768, '001', 'Racking'),
('06-18-1-2', 'GB40', 1, 768, '001', 'Racking'),
('06-18-1-3', 'GB40', 1, 768, '001', 'Racking'),
('06-18-1-4', 'GB40', 1, 768, '001', 'Racking'),
('06-18-2-1', 'Blue Boxes', 1, 1, '001', 'Racking'),
('06-18-2-2', 'KA-0573', 1, 4, '001', 'Racking'),
('06-18-2-3', 'Blue Boxes', 1, 1, '001', 'Racking'),
('06-18-2-4', 'Blue Boxes', 1, 1, '001', 'Racking'),
('06-18-3-1', 'Blue Boxes', 1, 1, '001', 'Racking'),
('06-18-3-2', 'Blue Boxes', 1, 1, '001', 'Racking'),
('06-18-3-3', 'Blue Boxes', 1, 1, '001', 'Racking'),
('06-18-3-4', 'Blue Boxes', 1, 1, '001', 'Racking'),
('06-19-1-1', 'GB40', 1, 768, '001', 'Racking'),
('06-19-1-2', 'GB40', 1, 768, '001', 'Racking'),
('06-19-1-3', 'GB40', 1, 768, '001', 'Racking'),
('06-19-1-4', 'GB40', 1, 768, '001', 'Racking'),
('06-19-2-1', 'KA-0573', 1, 4, '001', 'Racking'),
('06-19-2-2', 'KA-0573', 1, 4, '001', 'Racking'),
('06-19-2-3', 'KA-0573', 1, 4, '001', 'Racking'),
('06-19-2-4', 'KA-0573', 1, 4, '001', 'Racking'),
('06-19-3-1', 'Blue Boxes', 1, 1, '001', 'Racking'),
('06-19-3-2', 'Blue Boxes', 1, 1, '001', 'Racking'),
('06-19-3-3', 'Blue Boxes', 1, 1, '001', 'Racking'),
('06-19-3-4', 'Blue Boxes', 1, 1, '001', 'Racking'),
('06-20-1-1', 'WRAPPAKEX-BM', 1, 80, '001', 'Racking'),
('06-20-1-2', 'GBX55', 1, 420, '001', 'Racking'),
('06-20-1-3', 'WRAPPAKEX-BM', 1, 80, '001', 'Racking'),
('06-20-1-4', 'GBX55', 1, 420, '001', 'Racking'),
('06-20-2-1', 'KA-0573', 1, 4, '001', 'Racking'),
('06-20-2-2', 'KA-0573', 1, 4, '001', 'Racking'),
('06-20-2-3', 'KA-0573', 1, 4, '001', 'Racking'),
('06-20-2-4', 'KA-0573', 1, 4, '001', 'Racking'),
('06-20-3-1', 'Blue Boxes', 1, 1, '001', 'Racking'),
('06-20-3-2', 'Blue Boxes', 1, 1, '001', 'Racking'),
('06-20-3-3', 'Blue Boxes', 1, 1, '001', 'Racking'),
('06-20-3-4', 'Blue Boxes', 1, 1, '001', 'Racking'),
('06-21-1-1', '11000988', 1, 25, '001', 'Racking'),
('06-21-1-2', '11000988', 1, 25, '001', 'Racking'),
('06-21-1-3', '11000988', 1, 25, '001', 'Racking'),
('06-21-1-4', '11000988', 1, 25, '001', 'Racking'),
('06-21-2-1', 'GWR402B1', 1, 72, '001', 'Racking'),
('06-21-2-2', 'GWR402B1', 1, 72, '001', 'Racking'),
('06-21-2-3', 'GWR402B1', 1, 72, '001', 'Racking'),
('06-21-2-4', 'GWR402B1', 1, 72, '001', 'Racking'),
('06-21-3-1', 'WPCHCKORG4', 1, 6000, '001', 'Racking'),
('06-21-3-2', 'Blue Boxes', 1, 1, '001', 'Racking'),
('06-21-3-3', 'WPCHCKORG4', 1, 6000, '001', 'Racking'),
('06-22-1-1', 'GBX45', 1, 630, '001', 'Racking'),
('06-22-1-2', 'GB40', 1, 768, '001', 'Racking'),
('06-22-1-3', 'GB40', 1, 768, '001', 'Racking'),
('06-22-1-4', 'GB40', 1, 768, '001', 'Racking'),
('06-22-2-1', '11000970', 1, 2, '001', 'Racking'),
('06-22-2-2', '11000970', 1, 2, '001', 'Racking'),
('06-22-2-3', '11000970', 1, 2, '001', 'Racking'),
('06-22-2-4', '11000970', 1, 2, '001', 'Racking'),
('06-22-3-1', 'Blue Boxes', 1, 1, '001', 'Racking'),
('06-22-3-2', 'C00253360', 1, 1, '001', 'Racking'),
('06-22-3-3', 'Blue Boxes', 1, 1, '001', 'Racking'),
('06-22-3-4', 'Blue Boxes', 1, 1, '001', 'Racking'),
('07-01-4-1', '10001183', 1, 1, '001', 'Racking'),
('07-01-4-2', '10001183', 1, 1, '001', 'Racking'),
('07-02-4-1', '10001183', 1, 1, '001', 'Racking'),
('07-02-4-2', '10001183', 1, 1, '001', 'Racking'),
('07-03-4-1', '10001183', 1, 1, '001', 'Racking'),
('07-04-4-1', '10001183', 1, 1, '001', 'Racking'),
('07-04-4-2', '10001183', 1, 1, '001', 'Racking'),
('07-06-2-1', 'HV MACHINE AND PARTS', 1, 1, '001', 'Racking'),
('07-06-3-1', 'FPSL2N STAND AND FRAME', 1, 1, '001', 'Racking'),
('07-06-4-1', '10001183', 1, 1, '001', 'Racking'),
('07-06-4-2', '10001183', 1, 1, '001', 'Racking'),
('07-08-3-3', 'FPSL2N STAND AND FRAME', 1, 1, '001', 'Racking'),
('07-10-2-2', '10001183', 1, 1, '001', 'Racking'),
('07-10-3-1', '10001183', 1, 1, '001', 'Racking'),
('07-10-3-2', '10001183', 1, 1, '001', 'Racking'),
('07-11-3-2', '10001183', 1, 1, '001', 'Racking'),
('07-12-1-1', 'PSWP1', 1, 1, '001', 'Racking'),
('07-12-3-1', '10001183', 1, 1, '001', 'Racking'),
('07-12-3-2', '10001183', 1, 1, '001', 'Racking'),
('07-13-2-2', '10001183', 1, 1, '001', 'Racking'),
('07-14-2-1', 'SW5001.EC0001', 1, 1, '001', 'Racking'),
('07-15-1-2', 'RP-0201', 1, 36, '001', 'Racking'),
('07-15-2-2', 'RP-0201', 1, 36, '001', 'Racking'),
('08-01-1-1', '11000988', 1, 125, '001', 'Racking'),
('08-01-1-2', '11002215', 1, 36, '001', 'Racking'),
('08-01-1-3', '11002215', 1, 36, '001', 'Racking'),
('08-01-1-4', '11002215', 1, 36, '001', 'Racking'),
('08-01-1-5', '11002215', 1, 36, '001', 'Racking'),
('08-01-1-6', '11002215', 1, 36, '001', 'Racking'),
('08-01-2-1', '11000970', 1, 2, '001', 'Racking'),
('08-01-2-2', '11000970', 1, 2, '001', 'Racking'),
('08-01-2-3', '11000970', 1, 2, '001', 'Racking'),
('08-01-2-4', '11000970', 1, 2, '001', 'Racking'),
('08-01-2-5', '11000970', 1, 2, '001', 'Racking'),
('08-01-2-6', '11000970', 1, 2, '001', 'Racking'),
('08-01-3-1', '1648CL-5MB-White', 1, 3, '001', 'Racking'),
('08-01-3-2', '1648CL-5MB-White', 1, 3, '001', 'Racking'),
('08-02-1-1', '11000970', 1, 2, '001', 'Racking'),
('08-02-1-2', '11000970', 1, 2, '001', 'Racking'),
('08-02-1-3', '11000970', 1, 2, '001', 'Racking'),
('08-02-1-4', '11000970', 1, 2, '001', 'Racking'),
('08-02-1-5', '11000970', 1, 2, '001', 'Racking'),
('08-02-1-6', '11000970', 1, 2, '001', 'Racking'),
('08-02-3-2', '1648 BEZEL WHITE', 1, 1, '001', 'Racking'),
('08-02-3-3', '1648 BACK', 1, 1, '001', 'Racking'),
('08-02-3-4', '1648 BEZEL WHITE', 1, 1, '001', 'Racking'),
('08-02-3-5', '1648 BACK', 1, 1, '001', 'Racking'),
('08-02-3-6', '1648 BEZEL WHITE', 1, 1, '001', 'Racking'),
('08-03-1-1', '10001379', 1, 24, '001', 'Racking'),
('08-03-1-2', '10001379', 1, 24, '001', 'Racking'),
('08-03-1-3', '10001379', 1, 24, '001', 'Racking'),
('08-03-1-4', '10001379', 1, 24, '001', 'Racking'),
('08-03-1-5', '10001379', 1, 24, '001', 'Racking'),
('08-03-1-6', '10001379', 1, 24, '001', 'Racking'),
('08-03-2-1', '11000970', 1, 2, '001', 'Racking'),
('08-03-2-2', '11000970', 1, 2, '001', 'Racking'),
('08-03-2-3', '11000970', 1, 2, '001', 'Racking'),
('08-03-2-4', '11000970', 1, 2, '001', 'Racking'),
('08-03-2-5', '11000970', 1, 2, '001', 'Racking'),
('08-03-2-6', '11000970', 1, 2, '001', 'Racking'),
('08-03-3-1', 'C00253360', 1, 1, '001', 'Racking'),
('08-03-3-2', 'C00253360', 1, 1, '001', 'Racking'),
('08-03-3-4', 'C00253360', 1, 1, '001', 'Racking'),
('08-03-3-6', 'C00253360', 1, 1, '001', 'Racking'),
('08-04-1-2', '11002215', 1, 72, '001', 'Racking'),
('08-04-1-3', '11000970', 1, 2, '001', 'Racking'),
('08-04-1-4', '11002215', 1, 36, '001', 'Racking'),
('08-04-1-5', '11000970', 1, 2, '001', 'Racking'),
('08-04-1-6', '11002215', 1, 40, '001', 'Racking'),
('08-04-2-1', '11000970', 1, 2, '001', 'Racking'),
('08-04-2-2', '11000970', 1, 2, '001', 'Racking'),
('08-04-2-3', '11000970', 1, 2, '001', 'Racking'),
('08-04-2-4', '11000970', 1, 2, '001', 'Racking'),
('08-04-2-5', '11000970', 1, 2, '001', 'Racking'),
('08-04-2-6', '11000970', 1, 2, '001', 'Racking'),
('08-04-3-1', '1648CL-5MB-White', 1, 3, '001', 'Racking'),
('08-05-1-1', '11000970', 1, 2, '001', 'Racking'),
('08-05-1-2', '11000970', 1, 2, '001', 'Racking'),
('08-05-1-3', '11000970', 1, 2, '001', 'Racking'),
('08-05-1-4', '11000970', 1, 2, '001', 'Racking'),
('08-05-1-5', '11000970', 1, 2, '001', 'Racking'),
('08-05-1-6', '11000970', 1, 2, '001', 'Racking'),
('08-05-2-1', '11000970', 1, 2, '001', 'Racking'),
('08-05-2-2', '11000970', 1, 2, '001', 'Racking'),
('08-05-2-3', '11000970', 1, 2, '001', 'Racking'),
('08-05-2-4', '11000970', 1, 2, '001', 'Racking'),
('08-05-2-5', '11000970', 1, 2, '001', 'Racking'),
('08-05-3-1', '1648 CL-5MB-Backs', 1, 2, '001', 'Racking'),
('08-06-1-1', '11002215', 1, 72, '001', 'Racking'),
('08-06-1-2', '11002215', 1, 76, '001', 'Racking'),
('08-06-1-3', '11002215', 1, 36, '001', 'Racking'),
('08-06-1-4', '11002215', 1, 36, '001', 'Racking'),
('08-06-1-5', '11002215', 1, 36, '001', 'Racking'),
('08-06-1-6', '11002215', 1, 36, '001', 'Racking'),
('08-06-2-1', '11000970', 1, 2, '001', 'Racking'),
('08-06-2-2', '11000970', 1, 2, '001', 'Racking'),
('08-06-2-3', '11000970', 1, 2, '001', 'Racking'),
('08-06-2-4', '11000970', 1, 2, '001', 'Racking'),
('08-06-2-5', '11000970', 1, 2, '001', 'Racking'),
('08-06-2-6', '11000970', 1, 2, '001', 'Racking'),
('08-06-3-2', '1648 CL-5MB-Backs', 1, 3, '001', 'Racking'),
('08-07-1-4', 'WR2448.25 5.55.25', 1, 4, '001', 'Racking'),
('08-07-1-6', 'WR2448.25 5.55.25', 1, 4, '001', 'Racking'),
('08-07-2-1', '11000970', 1, 2, '001', 'Racking'),
('08-07-2-2', '11000970', 1, 2, '001', 'Racking'),
('08-07-2-3', '11000970', 1, 2, '001', 'Racking'),
('08-07-2-4', '11000970', 1, 2, '001', 'Racking'),
('08-07-2-5', '11000970', 1, 2, '001', 'Racking'),
('08-07-2-6', '11000970', 1, 2, '001', 'Racking'),
('08-08-1-1', '11000970', 1, 4, '001', 'Racking'),
('08-08-1-2', '11000970', 1, 4, '001', 'Racking'),
('08-08-1-3', '11000970', 1, 4, '001', 'Racking'),
('08-08-1-4', '11000970', 1, 4, '001', 'Racking'),
('08-08-1-5', '11000970', 1, 4, '001', 'Racking'),
('08-08-1-6', '11000970', 1, 4, '001', 'Racking'),
('08-08-2-1', '11000970', 1, 2, '001', 'Racking'),
('08-08-2-2', '11000970', 1, 2, '001', 'Racking'),
('08-08-2-3', '11000970', 1, 2, '001', 'Racking'),
('08-08-2-4', '11000970', 1, 2, '001', 'Racking'),
('08-08-2-5', '11000970', 1, 2, '001', 'Racking'),
('08-08-2-6', '11000970', 1, 2, '001', 'Racking'),
('08-08-3-1', 'Corrugated', 1, 1, '001', 'Racking'),
('08-08-3-2', 'Corrugated', 1, 1, '001', 'Racking'),
('08-08-3-3', 'Corrugated', 1, 1, '001', 'Racking'),
('08-08-3-4', 'Corrugated', 1, 1, '001', 'Racking'),
('08-08-3-5', 'Corrugated', 1, 1, '001', 'Racking'),
('08-08-3-6', 'Corrugated', 1, 1, '001', 'Racking'),
('08-09-1-1', 'KS-0312', 1, 10, '001', 'Racking'),
('08-09-1-2', 'KS-0312', 1, 10, '001', 'Racking'),
('08-09-1-3', 'KS-0312', 1, 10, '001', 'Racking'),
('08-09-1-4', 'KS-0312', 1, 10, '001', 'Racking'),
('08-09-1-5', 'KS-0312', 1, 20, '001', 'Racking'),
('08-09-1-6', 'KS-0312', 1, 20, '001', 'Racking'),
('08-09-2-1', '11000970', 1, 2, '001', 'Racking'),
('08-09-2-2', '11000970', 1, 2, '001', 'Racking'),
('08-09-2-3', '11000970', 1, 2, '001', 'Racking'),
('08-09-2-4', '11000970', 1, 2, '001', 'Racking'),
('08-09-2-5', '11000970', 1, 2, '001', 'Racking'),
('08-09-3-1', 'Corrugated med', 1, 1, '001', 'Racking'),
('08-09-3-2', 'Corrugated med', 1, 1, '001', 'Racking'),
('08-09-3-3', 'Corrugated med', 1, 1, '001', 'Racking'),
('08-09-3-4', 'Corrugated med', 1, 1, '001', 'Racking'),
('08-09-3-5', 'Corrugated med', 1, 1, '001', 'Racking'),
('08-09-3-6', 'Corrugated med', 1, 1, '001', 'Racking'),
('08-10-1-1', 'KS-0312', 1, 10, '001', 'Racking'),
('08-10-1-2', 'KS-0312', 1, 10, '001', 'Racking'),
('08-10-1-3', 'KS-0312', 1, 10, '001', 'Racking'),
('08-10-1-4', 'KS-0312', 1, 10, '001', 'Racking'),
('08-10-1-5', 'KS-0312', 1, 20, '001', 'Racking'),
('08-10-1-6', 'KS-0312', 1, 20, '001', 'Racking'),
('08-10-2-1', '11000970', 1, 2, '001', 'Racking'),
('08-10-2-2', '11000970', 1, 2, '001', 'Racking'),
('08-10-2-3', '11000970', 1, 2, '001', 'Racking'),
('08-10-2-4', '11000970', 1, 2, '001', 'Racking'),
('08-10-2-5', '11000970', 1, 2, '001', 'Racking'),
('08-10-2-6', '11000970', 1, 2, '001', 'Racking'),
('08-10-3-1', 'Corrugated med', 1, 1, '001', 'Racking'),
('08-10-3-2', 'Corrugated med', 1, 1, '001', 'Racking'),
('08-10-3-3', 'Corrugated med', 1, 1, '001', 'Racking'),
('08-10-3-4', 'Corrugated lg', 1, 1, '001', 'Racking'),
('08-10-3-5', 'Corrugated med', 1, 1, '001', 'Racking'),
('08-10-3-6', 'Corrugated lg', 1, 1, '001', 'Racking'),
('08-11-1-1', '10001251', 1, 15, '001', 'Racking'),
('08-11-1-2', 'WRAPPAKEX-BM', 1, 80, '001', 'Racking'),
('08-11-1-3', '10001251', 1, 15, '001', 'Racking'),
('08-11-1-4', 'WRAPPAKEX-BM', 1, 80, '001', 'Racking'),
('08-11-1-5', '10001251', 1, 15, '001', 'Racking'),
('08-11-1-6', 'WRAPPAKEX-BM', 1, 80, '001', 'Racking'),
('08-11-2-1', '11000970', 1, 2, '001', 'Racking'),
('08-11-2-2', '11000970', 1, 2, '001', 'Racking'),
('08-11-2-3', '11000970', 1, 2, '001', 'Racking'),
('08-11-2-4', '11000970', 1, 2, '001', 'Racking'),
('08-11-2-5', '11000970', 1, 2, '001', 'Racking'),
('08-11-2-6', '11000970', 1, 2, '001', 'Racking'),
('08-11-3-1', 'Corrugated lg', 1, 1, '001', 'Racking'),
('08-11-3-2', '1648 BEZEL WHITE', 1, 1, '001', 'Racking'),
('08-11-3-3', 'Corrugated lg', 1, 1, '001', 'Racking'),
('08-11-3-4', '1648 BEZEL WHITE', 1, 1, '001', 'Racking'),
('08-11-3-5', 'Corrugated lg', 1, 1, '001', 'Racking'),
('08-11-3-6', '1648 BEZEL WHITE', 1, 1, '001', 'Racking'),
('08-12-1-1', 'WRAPPAKEX-BM', 1, 80, '001', 'Racking'),
('08-12-1-2', 'WR2448.25 5.55.25', 1, 5, '001', 'Racking'),
('08-12-2-1', 'C00272360S', 1, 1, '001', 'Racking'),
('08-12-2-2', '03-00301-1', 1, 405, '001', 'Racking'),
('08-12-2-4', '03-00301-1', 1, 405, '001', 'Racking'),
('08-12-2-6', '03-00301-1', 1, 405, '001', 'Racking'),
('08-12-3-1', '1648 BACK', 1, 1, '001', 'Racking'),
('08-12-3-2', 'Corrugated med', 1, 1, '001', 'Racking'),
('08-12-3-3', '1648 BEZEL WHITE', 1, 1, '001', 'Racking'),
('08-12-3-4', 'Corrugated med', 1, 1, '001', 'Racking'),
('08-12-3-5', '1648 BEZEL WHITE', 1, 1, '001', 'Racking'),
('08-12-3-6', 'Corrugated med', 1, 1, '001', 'Racking'),
('08-13-1-2', 'PC-0806', 1, 1, '001', 'Racking'),
('08-13-1-3', 'MACHINES', 1, 1, '001', 'Racking'),
('08-13-2-1', '03-00301-1', 1, 405, '001', 'Racking'),
('08-13-2-3', '03-00301-1', 1, 405, '001', 'Racking'),
('08-13-2-4', '03-00301-1', 1, 405, '001', 'Racking'),
('08-13-2-5', '03-00301-1', 1, 405, '001', 'Racking'),
('08-13-2-6', '03-00301-1', 1, 405, '001', 'Racking'),
('08-13-3-1', 'Corrugated lg', 1, 1, '001', 'Racking'),
('08-13-3-2', 'Corrugated lg', 1, 1, '001', 'Racking'),
('08-13-3-3', 'Corrugated lg', 1, 1, '001', 'Racking'),
('08-13-3-4', 'Corrugated lg', 1, 1, '001', 'Racking'),
('08-13-3-5', 'Corrugated lg', 1, 1, '001', 'Racking'),
('08-13-3-6', 'Corrugated lg', 1, 1, '001', 'Racking'),
('08-14-1-2', 'WPCHWHT4-SP', 1, 7200, '001', 'Racking'),
('08-14-2-1', '03-00301-1', 1, 405, '001', 'Racking'),
('08-14-2-2', 'WPCHWHT4-SP', 1, 7200, '001', 'Racking'),
('08-14-2-4', '03-00301-1', 1, 405, '001', 'Racking'),
('08-14-2-5', '03-00301-1', 1, 405, '001', 'Racking'),
('08-14-2-6', '03-00301-1', 1, 405, '001', 'Racking'),
('08-14-3-1', 'Corrugated lg', 1, 1, '001', 'Racking'),
('08-14-3-2', 'WPCHWHT4-SP', 1, 7200, '001', 'Racking'),
('08-14-3-3', 'Corrugated lg', 1, 1, '001', 'Racking'),
('08-14-3-4', 'Corrugated lg', 1, 1, '001', 'Racking'),
('08-14-3-5', 'Corrugated lg', 1, 1, '001', 'Racking'),
('08-14-3-6', 'Corrugated lg', 1, 1, '001', 'Racking'),
('08-15-1-3', 'WPCHRED4', 1, 17000, '001', 'Racking'),
('08-15-3-3', 'Corrugated med', 1, 1, '001', 'Racking'),
('08-15-3-4', '1624 BEZEL WHITE', 1, 1, '001', 'Racking'),
('08-15-3-5', 'Corrugated med', 1, 1, '001', 'Racking'),
('08-16-2-1', 'Corrugated', 1, 1, '001', 'Racking'),
('08-16-2-2', 'WPCHCKWHT7', 1, 3840, '001', 'Racking'),
('08-16-2-3', 'Corrugated', 1, 1, '001', 'Racking'),
('08-16-2-4', 'WPCHCKWHT7', 1, 3840, '001', 'Racking'),
('08-16-2-5', 'Corrugated', 1, 1, '001', 'Racking'),
('08-16-2-6', 'WPCHCKWHT7', 1, 3840, '001', 'Racking'),
('08-16-3-2', 'GB10S', 1, 83, '001', 'Racking'),
('08-16-3-4', 'GB10S', 1, 72, '001', 'Racking'),
('08-16-3-6', 'GB10S', 1, 77, '001', 'Racking'),
('08-17-1-1', 'WPCHWHT4-SP', 1, 7200, '001', 'Racking'),
('08-17-1-2', 'WPCHWHT4-SP', 1, 7200, '001', 'Racking'),
('08-17-2-1', 'WPCHWHT4-SP', 1, 7200, '001', 'Racking'),
('08-17-2-2', 'WPCHRED4', 1, 6000, '001', 'Racking'),
('08-17-2-3', '11000970', 1, 2, '001', 'Racking'),
('08-17-2-4', '11000970', 1, 2, '001', 'Racking'),
('08-17-2-5', '11000970', 1, 2, '001', 'Racking'),
('08-17-2-6', '11000970', 1, 2, '001', 'Racking'),
('08-17-3-1', 'WPCHWHT4-SP', 1, 7200, '001', 'Racking'),
('08-17-3-2', 'WPCHWHT4-SP', 1, 7200, '001', 'Racking'),
('08-17-3-4', 'Corrugated med', 1, 1, '001', 'Racking'),
('08-17-3-5', '03-00301-1', 1, 405, '001', 'Racking'),
('08-17-3-6', 'Corrugated med', 1, 1, '001', 'Racking'),
('08-18-1-1', 'WPCHWHT4-SP', 1, 7200, '001', 'Racking'),
('08-18-1-2', 'WPCHRED4', 1, 6000, '001', 'Racking'),
('08-18-2-1', 'WPCHWHT4-SP', 1, 7200, '001', 'Racking'),
('08-18-2-2', '11000970', 1, 2, '001', 'Racking'),
('08-18-2-3', '11000970', 1, 2, '001', 'Racking'),
('08-18-2-4', '11000970', 1, 2, '001', 'Racking'),
('08-18-2-5', '11000970', 1, 2, '001', 'Racking'),
('08-18-2-6', '11000970', 1, 2, '001', 'Racking'),
('08-18-3-1', 'WPCHWHT4-SP', 1, 7200, '001', 'Racking'),
('08-18-3-2', 'WPCHRED4', 1, 6000, '001', 'Racking'),
('08-18-3-3', 'Corrugated med', 1, 1, '001', 'Racking'),
('08-18-3-4', 'Corrugated med', 1, 1, '001', 'Racking'),
('08-18-3-5', 'Corrugated med', 1, 1, '001', 'Racking'),
('08-18-3-6', 'Corrugated med', 1, 1, '001', 'Racking'),
('08-19-1-1', 'WPCHRED4', 1, 6000, '001', 'Racking'),
('08-19-1-2', '11002215', 1, 72, '001', 'Racking'),
('08-19-1-4', '11002215', 1, 36, '001', 'Racking'),
('08-19-1-6', '11002215', 1, 36, '001', 'Racking'),
('08-19-2-1', 'WPCHRED4', 1, 6000, '001', 'Racking'),
('08-19-2-2', '11000970', 1, 2, '001', 'Racking'),
('08-19-2-3', '11000970', 1, 2, '001', 'Racking'),
('08-19-2-4', '11000970', 1, 2, '001', 'Racking'),
('08-19-2-5', '11000970', 1, 2, '001', 'Racking'),
('08-19-2-6', '11000970', 1, 2, '001', 'Racking'),
('08-19-3-1', 'WPCHRED4', 1, 6000, '001', 'Racking'),
('08-19-3-2', 'Corrugated sm', 1, 1, '001', 'Racking'),
('08-19-3-3', 'GENIUS 1', 1, 480, '001', 'Racking'),
('08-19-3-4', 'Corrugated sm', 1, 1, '001', 'Racking'),
('08-19-3-6', 'Corrugated sm', 1, 1, '001', 'Racking'),
('08-20-1-1', '11002215', 1, 72, '001', 'Racking'),
('08-20-1-2', '11002215', 1, 72, '001', 'Racking'),
('08-20-1-3', '11002215', 1, 40, '001', 'Racking'),
('08-20-1-4', '11002215', 1, 36, '001', 'Racking'),
('08-20-1-5', '11002215', 1, 40, '001', 'Racking'),
('08-20-1-6', '11002215', 1, 36, '001', 'Racking'),
('08-20-2-1', '11000970', 1, 2, '001', 'Racking'),
('08-20-2-2', '11000970', 1, 2, '001', 'Racking'),
('08-20-2-3', '11000970', 1, 2, '001', 'Racking'),
('08-20-2-4', '11000970', 1, 2, '001', 'Racking'),
('08-20-2-5', '11000970', 1, 2, '001', 'Racking'),
('08-20-2-6', '11000970', 1, 2, '001', 'Racking'),
('08-20-3-1', 'Corrugated sm', 1, 1, '001', 'Racking'),
('08-20-3-2', 'Corrugated sm', 1, 1, '001', 'Racking'),
('08-20-3-3', 'Corrugated sm', 1, 1, '001', 'Racking'),
('08-20-3-4', 'Corrugated sm', 1, 1, '001', 'Racking'),
('08-20-3-5', 'Corrugated sm', 1, 1, '001', 'Racking'),
('08-20-3-6', 'Corrugated sm', 1, 1, '001', 'Racking'),
('08-21-1-1', '11002215', 1, 72, '001', 'Racking'),
('08-21-1-2', '11002215', 1, 72, '001', 'Racking'),
('08-21-1-3', '11002215', 1, 36, '001', 'Racking'),
('08-21-1-4', '11002215', 1, 36, '001', 'Racking'),
('08-21-1-5', '11002215', 1, 36, '001', 'Racking'),
('08-21-1-6', '11002215', 1, 36, '001', 'Racking'),
('08-21-2-1', '11000970', 1, 2, '001', 'Racking'),
('08-21-2-2', '11000970', 1, 2, '001', 'Racking'),
('08-21-2-3', '11000970', 1, 2, '001', 'Racking'),
('08-21-2-4', '11000970', 1, 2, '001', 'Racking'),
('08-21-2-5', '11000970', 1, 2, '001', 'Racking'),
('08-21-2-6', '11000970', 1, 2, '001', 'Racking'),
('08-21-3-1', 'Corrugated lg', 1, 1, '001', 'Racking'),
('08-21-3-2', 'Corrugated med', 1, 1, '001', 'Racking'),
('08-21-3-3', 'Corrugated lg', 1, 1, '001', 'Racking'),
('08-21-3-4', 'Corrugated med', 1, 1, '001', 'Racking'),
('08-21-3-5', 'Corrugated lg', 1, 1, '001', 'Racking'),
('08-21-3-6', 'Corrugated med', 1, 1, '001', 'Racking'),
('08-22-1-1', '10001220', 1, 8, '001', 'Racking'),
('08-22-1-3', '10001220', 1, 18, '001', 'Racking'),
('08-22-1-4', '10001220', 1, 18, '001', 'Racking'),
('08-22-1-5', '10001220', 1, 18, '001', 'Racking'),
('08-22-1-6', '10001220', 1, 18, '001', 'Racking'),
('08-22-2-1', '11000970', 1, 2, '001', 'Racking'),
('08-22-2-2', '11000970', 1, 2, '001', 'Racking'),
('08-22-2-3', '11000970', 1, 2, '001', 'Racking'),
('08-22-2-4', '11000970', 1, 2, '001', 'Racking'),
('08-22-2-5', '11000970', 1, 4, '001', 'Racking'),
('08-22-2-6', '11000970', 1, 2, '001', 'Racking'),
('08-22-3-1', 'Corrugated lg', 1, 1, '001', 'Racking'),
('08-22-3-2', 'Corrugated xlg', 1, 1, '001', 'Racking'),
('08-22-3-4', 'Corrugated xlg', 1, 1, '001', 'Racking'),
('08-22-3-5', 'Corrugated xlg', 1, 1, '001', 'Racking'),
('08-22-3-6', 'Corrugated xlg', 1, 1, '001', 'Racking'),
('08-23-1-1', '11002215', 1, 72, '001', 'Racking'),
('08-23-1-2', 'WPCHRED4', 1, 6000, '001', 'Racking'),
('08-23-1-3', '11002215', 1, 36, '001', 'Racking'),
('08-23-1-4', 'Frames', 1, 1, '001', 'Racking'),
('08-23-1-5', '11002215', 1, 36, '001', 'Racking'),
('08-23-2-1', '11000970', 1, 2, '001', 'Racking'),
('08-23-2-2', '03-00328-1', 1, 324, '001', 'Racking'),
('08-23-2-3', '11000970', 1, 2, '001', 'Racking'),
('08-23-2-4', '03-00328-1', 1, 324, '001', 'Racking'),
('08-23-2-6', '03-00328-1', 1, 324, '001', 'Racking'),
('08-23-3-1', 'Corrugated xlg', 1, 1, '001', 'Racking'),
('08-23-3-2', 'Corrugated xlg', 1, 1, '001', 'Racking'),
('08-23-3-3', 'Corrugated xlg', 1, 1, '001', 'Racking'),
('08-23-3-4', 'Corrugated xlg', 1, 1, '001', 'Racking'),
('08-23-3-5', 'Corrugated xlg', 1, 1, '001', 'Racking'),
('08-23-3-6', 'Corrugated xlg', 1, 1, '001', 'Racking'),
('08-24-1-1', 'WPCHRED4', 1, 6000, '001', 'Racking'),
('08-24-2-3', '03-00301-1', 1, 405, '001', 'Racking'),
('08-25-1-1', 'FPSL2N STAND AND FRAME', 1, 1, '001', 'Racking'),
('08-25-2-1', 'FPSL2N STAND AND FRAME', 1, 1, '001', 'Racking'),
('08-25-3-1', 'FPSL2N STAND AND FRAME', 1, 1, '001', 'Racking'),
('08-26-2-1', 'WPCHRED4', 1, 6000, '001', 'Racking'),
('08-26-2-2', 'WPCHRED4', 1, 6000, '001', 'Racking'),
('08-26-3-1', 'Corrugated sm', 1, 1, '001', 'Racking'),
('08-26-3-2', 'Corrugated sm', 1, 2, '001', 'Racking'),
('08-27-1-1', 'Corrugated sm', 1, 1, '001', 'Racking'),
('08-27-1-2', 'Corrugated sm', 1, 2, '001', 'Racking'),
('08-28-2-1', 'Corrugated lg', 1, 1, '001', 'Racking'),
('08-28-2-2', 'Corrugated lg', 1, 1, '001', 'Racking'),
('08-28-3-1', 'Corrugated lg', 1, 1, '001', 'Racking'),
('08-28-3-2', 'Corrugated lg', 1, 1, '001', 'Racking'),
('08-28F', 'BP40', 1, 12, '001', 'Racking'),
('08-29-2-1', 'Corrugated lg', 1, 1, '001', 'Racking'),
('08-29-2-2', 'Corrugated lg', 1, 1, '001', 'Racking'),
('08-29-3-1', 'Corrugated lg', 1, 1, '001', 'Racking'),
('08-29-3-2', 'Corrugated lg', 1, 2, '001', 'Racking'),
('09-01-2-1', '12345-4', 1, 60, '001', 'Racking'),
('09-01-2-2', '12345-4', 1, 60, '001', 'Racking'),
('09-01-2-3', '12345-4', 1, 60, '001', 'Racking'),
('09-01-2-4', '12345-4', 1, 60, '001', 'Racking'),
('09-01-3-1', '12345-7', 1, 120, '001', 'Racking'),
('09-01-3-2', '12345-7', 1, 120, '001', 'Racking');
INSERT INTO `location` (`Location_num`, `SKU`, `Count`, `Loc_piece_count`, `Warehouse_ID`, `Location_type`) VALUES
('09-01-3-3', '12345-7', 1, 120, '001', 'Racking'),
('09-01-3-4', '12345-7', 1, 120, '001', 'Racking'),
('09-02-2-1', '12345-4', 1, 60, '001', 'Racking'),
('09-02-2-2', '12345-4', 1, 60, '001', 'Racking'),
('09-02-2-3', '12345-4', 1, 60, '001', 'Racking'),
('09-02-2-4', '12345-4', 1, 60, '001', 'Racking'),
('09-02-3-1', '12345-7', 1, 120, '001', 'Racking'),
('09-02-3-2', '12345-7', 1, 120, '001', 'Racking'),
('09-02-3-3', '12345-7', 1, 120, '001', 'Racking'),
('09-02-3-4', '12345-7', 1, 120, '001', 'Racking'),
('09-03-2-1', '12345-4', 1, 60, '001', 'Racking'),
('09-03-2-2', '12345-4', 1, 60, '001', 'Racking'),
('09-03-2-3', '12345-4', 1, 60, '001', 'Racking'),
('09-03-3-1', '12345-7', 1, 120, '001', 'Racking'),
('09-03-3-2', '12345-7', 1, 120, '001', 'Racking'),
('09-03-3-3', '12345-7', 1, 120, '001', 'Racking'),
('09-03-3-4', '12345-7', 1, 120, '001', 'Racking'),
('09-04-2-1', '12345-4', 1, 60, '001', 'Racking'),
('09-04-2-2', '12345-4', 1, 120, '001', 'Racking'),
('09-04-2-3', '12345-4', 1, 60, '001', 'Racking'),
('09-04-2-4', '12345-4', 1, 60, '001', 'Racking'),
('09-04-3-1', '12342-2', 1, 270, '001', 'Racking'),
('09-04-3-2', '12342-2', 1, 270, '001', 'Racking'),
('09-04-3-4', '12342-2', 1, 270, '001', 'Racking'),
('09-05-2-1', '12345-4', 1, 60, '001', 'Racking'),
('09-05-2-2', '12345-4', 1, 60, '001', 'Racking'),
('09-05-2-3', '12345-4', 1, 60, '001', 'Racking'),
('09-05-2-4', '12345-4', 1, 60, '001', 'Racking'),
('09-05-3-1', '12342-2', 1, 270, '001', 'Racking'),
('09-05-3-2', '12345-4', 1, 60, '001', 'Racking'),
('09-05-3-3-', '12342-2', 1, 270, '001', 'Racking'),
('09-05-3-4', '12345-4', 1, 60, '001', 'Racking'),
('09-06-2-1', '12345-4', 1, 60, '001', 'Racking'),
('09-06-2-2', '12345-4', 1, 60, '001', 'Racking'),
('09-06-2-3', '12345-4', 1, 60, '001', 'Racking'),
('09-06-2-4', '12345-4', 1, 60, '001', 'Racking'),
('09-06-3-1', '12345-7', 1, 216, '001', 'Racking'),
('09-06-3-2', '12345-4', 1, 120, '001', 'Racking'),
('10', 'PE4000-G', 1, 624, '001', 'Floor'),
('1019', 'GB251', 1, 96, '001', 'Floor'),
('1020', 'KS-0312', 1, 8, '001', 'Floor'),
('1021', '11000988', 1, 0, '001', 'Floor'),
('1022', 'WRAPPAKEX-BM', 1, 400, '001', 'Floor'),
('1023', 'GB40', 1, 90, '001', 'Floor'),
('1024', 'EMPTY CRATE', 1, 6, '001', 'Floor'),
('1025', 'GENIUS 5', 1, 3024, '001', 'Floor'),
('1026', '11000988', 1, 5, '001', 'Floor'),
('1027', 'GB251', 1, 288, '001', 'Floor'),
('1028', 'GB251', 1, 336, '001', 'Floor'),
('1029', 'KS0233', 1, 224, '001', 'Floor'),
('1031', '10001251', 1, 50, '001', 'Floor'),
('1032', 'GENIUS 2X4', 1, 648, '001', 'Floor'),
('1033', 'GENIUS PRO 25', 1, 288, '001', 'Floor'),
('1034', '03-00300-1', 1, 675, '001', 'Floor'),
('1035', '11000988', 1, 150, '001', 'Floor'),
('1036', '10000155', 1, 9, '001', 'Floor'),
('1037', 'GBC015', 1, 958, '001', 'Floor'),
('1038', 'GBC015', 1, 900, '001', 'Floor'),
('1039', 'GBC015', 1, 900, '001', 'Floor'),
('1040', 'GBC015', 1, 900, '001', 'Floor'),
('1041', 'GBC015', 1, 900, '001', 'Floor'),
('1042', 'GBC015', 1, 900, '001', 'Floor'),
('1043', 'GBC015', 1, 900, '001', 'Floor'),
('1044', 'GBC015', 1, 900, '001', 'Floor'),
('1045', 'GBC015', 1, 1200, '001', 'Floor'),
('1046', 'KS-0312', 1, 64, '001', 'Floor'),
('1048', 'GENIUS PRO 50', 1, 336, '001', 'Floor'),
('1049', 'GENIUS PRO 50', 1, 288, '001', 'Floor'),
('1050', 'GENIUS PRO 50', 1, 288, '001', 'Floor'),
('1051', 'GEN 5X3', 1, 960, '001', 'Floor'),
('1052', 'GB251', 1, 288, '001', 'Floor'),
('1053', 'GB251', 1, 288, '001', 'Floor'),
('1054', 'GB251', 1, 288, '001', 'Floor'),
('1056', 'GEN PRO 10X4', 1, 360, '001', 'Floor'),
('1057', 'GEN PRO 10X4', 1, 540, '001', 'Floor'),
('1058', 'GEN PRO 10X4', 1, 690, '001', 'Floor'),
('1059', 'GEN PRO 10X4', 1, 720, '001', 'Floor'),
('1060', 'GENIUS 1', 1, 5760, '001', 'Floor'),
('1061', 'GENIUS 1', 1, 5754, '001', 'Floor'),
('1062', 'GENIUS 1', 1, 5760, '001', 'Floor'),
('1063', 'GENIUS 1', 1, 5760, '001', 'Floor'),
('1064', 'GENIUS 1', 1, 5280, '001', 'Floor'),
('1065', 'GB251', 1, 240, '001', 'Floor'),
('1066', 'GEN 5X2', 1, 1920, '001', 'Floor'),
('1068', 'KP50C', 1, 42, '001', 'Floor'),
('1069', '10000670', 1, 12, '001', 'Floor'),
('1073', '11023564', 1, 24, '001', 'Floor'),
('1074', 'GWR400', 1, 0, '001', 'Floor'),
('1075', '10000670', 1, 12, '001', 'Floor'),
('1076', '10000670', 1, 12, '001', 'Floor'),
('1078', 'PAC11494', 1, 84, '001', 'Floor'),
('1079', 'PAC11494', 1, 96, '001', 'Floor'),
('1080', 'GB251', 1, 288, '001', 'Floor'),
('1081', 'GB251', 1, 288, '001', 'Floor'),
('1082', 'GB251', 1, 288, '001', 'Floor'),
('1083', 'GB251', 1, 288, '001', 'Floor'),
('1084', 'GEN 5X2', 1, 1120, '001', 'Floor'),
('1087', 'GBX55', 1, 2220, '001', 'Floor'),
('1088', 'GBX55', 1, 2640, '001', 'Floor'),
('1089', 'GBX55', 1, 204, '001', 'Floor'),
('1090', 'GBX75', 1, 1600, '001', 'Floor'),
('1091', 'GBX75', 1, 1600, '001', 'Floor'),
('1092', 'GENIUS 2X4', 1, 868, '001', 'Floor'),
('1093', 'GENIUS 2X4', 1, 864, '001', 'Floor'),
('1094', 'GENIUS 5', 1, 3996, '001', 'Floor'),
('1095', 'GENIUS PRO 50', 1, 384, '001', 'Floor'),
('1097', 'GENIUS PRO 50', 1, 384, '001', 'Floor'),
('1098', 'GENIUS 2X4', 1, 864, '001', 'Floor'),
('1099', 'GENIUS 5', 1, 4032, '001', 'Floor'),
('11', 'PE2400-G', 1, 1716, '001', 'Floor'),
('11-03-1-2', '20009-4', 1, 17, '001', 'Racking'),
('1100', 'GENIUS 5', 1, 4032, '001', 'Floor'),
('1101', 'GENIUS PRO 25', 1, 288, '001', 'Floor'),
('1102', 'GENIUS PRO 25', 1, 320, '001', 'Floor'),
('1103', 'GENIUS PRO 25', 1, 320, '001', 'Floor'),
('1104', 'GENIUS PRO 25', 1, 368, '001', 'Floor'),
('1105', 'GENIUS PRO 25', 1, 448, '001', 'Floor'),
('1106', 'GBC013', 1, 3024, '001', 'Floor'),
('1107', 'GBC013', 1, 84, '001', 'Floor'),
('1108', 'MA-0602', 1, 40, '001', 'Floor'),
('1109', 'GBC014', 1, 1912, '001', 'Floor'),
('1110', 'GBC014', 1, 1600, '001', 'Floor'),
('1111', 'GBC014', 1, 1840, '001', 'Floor'),
('1112', 'GBC014', 1, 1728, '001', 'Floor'),
('1113', 'GBC014', 1, 1728, '001', 'Floor'),
('1114', 'GENIUS PRO 25', 1, 352, '001', 'Floor'),
('1115', 'GENIUS 5', 1, 3360, '001', 'Floor'),
('1116', 'GENIUS 2', 1, 5760, '001', 'Floor'),
('1117', 'GENIUS PRO 50', 1, 360, '001', 'Floor'),
('1118', 'GENIUS PRO 50', 1, 384, '001', 'Floor'),
('1119', '03-00300-1', 1, 1620, '001', 'Floor'),
('1120', '03-00300-1', 1, 1620, '001', 'Floor'),
('1121', 'GBX75', 1, 1600, '001', 'Floor'),
('1122', '10001382', 1, 144, '001', 'Floor'),
('1123', '10001251', 1, 80, '001', 'Floor'),
('1124', 'GENIUS PRO 25', 1, 352, '001', 'Floor'),
('1125', 'GENIUS PRO 25', 1, 64, '001', 'Floor'),
('1126', 'GB40', 1, 1890, '001', 'Floor'),
('1127', '153311W', 1, 1040, '001', 'Floor'),
('1128', '153311W', 1, 960, '001', 'Floor'),
('1132', 'GENIUS 1', 1, 5760, '001', 'Floor'),
('1134', '11023564', 1, 18, '001', 'Floor'),
('1135', 'KP50C', 1, 40, '001', 'Floor'),
('1137', 'GBC014', 1, 1440, '001', 'Floor'),
('1138', 'GEN 5X3', 1, 1920, '001', 'Floor'),
('1139', 'GEN 5X3', 1, 1920, '001', 'Floor'),
('1140', 'GEN 5X3', 1, 1760, '001', 'Floor'),
('1141', '04174', 1, 168, '001', 'Floor'),
('1144', 'GENIUS 1', 1, 5760, '001', 'Floor'),
('1145', 'GENIUS 1', 1, 5760, '001', 'Floor'),
('1146', 'GBC013', 1, 3408, '001', 'Floor'),
('1147', 'GBC013', 1, 3408, '001', 'Floor'),
('1148', '10000562', 1, 20, '001', 'Floor'),
('1149', 'GENIUS 1', 1, 5760, '001', 'Floor'),
('1150', 'GENIUS 1', 1, 5760, '001', 'Floor'),
('1151', 'GENIUS 1', 1, 5760, '001', 'Floor'),
('1153', 'GEN 5X3', 1, 1280, '001', 'Floor'),
('1154', '153311W', 1, 1120, '001', 'Floor'),
('1155', 'GENIUS 2', 1, 5580, '001', 'Floor'),
('1157', 'GBC013', 1, 3456, '001', 'Floor'),
('1158', 'XGC4', 1, 4032, '001', 'Floor'),
('1162', '11002977', 1, 660, '001', 'Floor'),
('1163', '11002215', 1, 96, '001', 'Floor'),
('1164', 'GEN 5X3', 1, 1280, '001', 'Floor'),
('1165', 'GEN 5X3', 1, 1280, '001', 'Floor'),
('1166', 'GEN 5X3', 1, 1280, '001', 'Floor'),
('1168', '11002977', 1, 720, '001', 'Floor'),
('1169', 'GENIUS 1', 1, 5760, '001', 'Floor'),
('1170', 'GENIUS 1', 1, 5760, '001', 'Floor'),
('1171', 'GENIUS 1', 1, 5760, '001', 'Floor'),
('1172', '03-00300-1', 1, 1485, '001', 'Floor'),
('1173', '03-00300-1', 1, 135, '001', 'Floor'),
('1174', 'GB250', 1, 288, '001', 'Floor'),
('1175', 'GB250', 1, 288, '001', 'Floor'),
('1177', '11000999', 1, 100, '001', 'Floor'),
('1178', '11000999', 1, 120, '001', 'Floor'),
('1185', 'GENIUS 1', 1, 6000, '001', 'Floor'),
('1187', 'GENIUS 5', 1, 336, '001', 'Floor'),
('1189', 'GENIUS 1', 1, 5682, '001', 'Floor'),
('1190', 'GENIUS 1', 1, 5760, '001', 'Floor'),
('1191', 'GENIUS 1', 1, 4800, '001', 'Floor'),
('1192', 'GENIUS 1', 1, 5760, '001', 'Floor'),
('1193', 'GENIUS PRO 50', 1, 384, '001', 'Floor'),
('1197', 'GBC015', 1, 1200, '001', 'Floor'),
('1198', 'GBX75', 1, 1120, '001', 'Floor'),
('1199', 'GBX75', 1, 1120, '001', 'Floor'),
('12', 'PE2400-G', 1, 854, '001', 'Floor'),
('1200', 'GBX75', 1, 840, '001', 'Floor'),
('1201', 'GENIUS PRO 25', 1, 384, '001', 'Floor'),
('1202', 'GENIUS PRO 25', 1, 384, '001', 'Floor'),
('1203', 'GENIUS PRO 25', 1, 384, '001', 'Floor'),
('1204', 'GENIUS PRO 25', 1, 384, '001', 'Floor'),
('1205', 'GENIUS PRO 25', 1, 384, '001', 'Floor'),
('1206', 'GENIUS PRO 25', 1, 384, '001', 'Floor'),
('1207', 'GENIUS 2', 1, 5040, '001', 'Floor'),
('1208', 'GENIUS 2X4', 1, 758, '001', 'Floor'),
('1209', 'GENIUS PRO 50', 1, 384, '001', 'Floor'),
('1210', 'GENIUS PRO 50', 1, 404, '001', 'Floor'),
('1211', 'GENIUS PRO 50', 1, 288, '001', 'Floor'),
('1214', 'GENIUS 1', 1, 5760, '001', 'Floor'),
('1215', 'GENIUS 1', 1, 5280, '001', 'Floor'),
('1216', 'GENIUS 5', 1, 4032, '001', 'Floor'),
('1217', '01676W', 1, 192, '001', 'Floor'),
('1218', '01676W', 1, 370, '001', 'Floor'),
('1219', 'XGC4', 1, 576, '001', 'Floor'),
('1220', 'GBC014', 1, 1824, '001', 'Floor'),
('1221', 'GBC014', 1, 1536, '001', 'Floor'),
('1222', 'GENIUS PRO 50', 1, 408, '001', 'Floor'),
('1223', '04173W', 1, 414, '001', 'Floor'),
('1224', '04173W', 1, 486, '001', 'Floor'),
('1225', '04173W', 1, 324, '001', 'Floor'),
('1226', '04173W', 1, 486, '001', 'Floor'),
('1227', '04173W', 1, 432, '001', 'Floor'),
('1228', '10000670', 1, 12, '001', 'Floor'),
('1229', '10000670', 1, 12, '001', 'Floor'),
('1230', 'GENIUS PRO 50', 1, 296, '001', 'Floor'),
('1231', 'GBX75', 1, 1800, '001', 'Floor'),
('1234', 'GENIUS PRO 25', 1, 384, '001', 'Floor'),
('1235', 'GEN PRO 10X3', 1, 800, '001', 'Floor'),
('1236', 'GEN PRO 10X3', 1, 800, '001', 'Floor'),
('1237', 'GENIUS 2', 1, 5760, '001', 'Floor'),
('1242', 'GEN 5X3', 1, 960, '001', 'Floor'),
('1243', 'GENIUS PRO 50', 1, 408, '001', 'Floor'),
('1244', 'GEN PRO 10X4', 1, 700, '001', 'Floor'),
('1245', 'GENIUS 5', 1, 4032, '001', 'Floor'),
('1246', 'GENIUS 5', 1, 4032, '001', 'Floor'),
('1247', 'GENIUS PRO 50', 1, 384, '001', 'Floor'),
('1248', 'P-K50C15', 1, 12, '001', 'Floor'),
('1250', 'GENIUS PRO 25', 1, 384, '001', 'Floor'),
('1251', 'GENIUS PRO 25', 1, 384, '001', 'Floor'),
('1252', 'GENIUS PRO 25', 1, 384, '001', 'Floor'),
('1253', 'GENIUS PRO 25', 1, 384, '001', 'Floor'),
('1257', 'GEN PRO 10X3', 1, 656, '001', 'Floor'),
('1258', 'GEN 5X3', 1, 880, '001', 'Floor'),
('1260', 'GENIUS 1', 1, 1920, '001', 'Floor'),
('1261', 'GENIUS 1', 1, 5592, '001', 'Floor'),
('1262', '10000155', 1, 5, '001', 'Floor'),
('1265', 'GENIUS 1', 1, 5760, '001', 'Floor'),
('1266', 'GENIUS 1', 1, 5760, '001', 'Floor'),
('1267', 'GENIUS 1', 1, 2880, '001', 'Floor'),
('1268', '10000566', 1, 10, '001', 'Floor'),
('1269', '11000999', 1, 130, '001', 'Floor'),
('1278', 'GENIUS 5', 1, 4032, '001', 'Floor'),
('1279', 'GENIUS PRO 50', 1, 350, '001', 'Floor'),
('1280', '11000999', 1, 86, '001', 'Floor'),
('1281', '11000999', 1, 20, '001', 'Floor'),
('1282', '11000999', 1, 120, '001', 'Floor'),
('1283', '11000999', 1, 90, '001', 'Floor'),
('1285', 'GEN PRO 10X3', 1, 800, '001', 'Floor'),
('1286', 'GENIUS 5', 1, 4032, '001', 'Floor'),
('1287', 'GENIUS 5', 1, 3696, '001', 'Floor'),
('1288', 'GENIUS 5', 1, 3984, '001', 'Floor'),
('1289', 'GB10C', 1, 468, '001', 'Floor'),
('1290', 'GB10C', 1, 1152, '001', 'Floor'),
('1297', 'GBX75', 1, 1800, '001', 'Floor'),
('1298', 'GBX75', 1, 1600, '001', 'Floor'),
('1299', 'GENIUS 1', 1, 5682, '001', 'Floor'),
('13', 'PE2400-G', 1, 1404, '001', 'Floor'),
('13-03-3-1', 'cups', 1, 900, '001', 'Racking'),
('13-05-1-1', '12349-6', 1, 3, '001', 'Racking'),
('13-05-1-2', 'cups', 1, 515, '001', 'Racking'),
('13-06-1-2', '12355-7', 1, 93, '001', 'Racking'),
('13-06-2-1', 'Corrugated sm', 1, 1, '001', 'Racking'),
('13-07-3-2', 'cups', 1, 897, '001', 'Racking'),
('13-08-1-2', '12345-4', 1, 46, '001', 'Racking'),
('13-08-2-1', 'Samples', 1, 16, '001', 'Racking'),
('13-09-1-1', '12342-2', 1, 166, '001', 'Racking'),
('13-09-2-1', 'Corrugated lg', 1, 1, '001', 'Racking'),
('13-09-2-2', 'Corrugated med', 1, 1, '001', 'Racking'),
('13-09-3-2', 'Corrugated xlg', 1, 1, '001', 'Racking'),
('1300', 'GBC014', 1, 1920, '001', 'Floor'),
('1301', 'GBC014', 1, 1920, '001', 'Floor'),
('1302', 'GBC014', 1, 1920, '001', 'Floor'),
('1303', 'GBC014', 1, 1728, '001', 'Floor'),
('1305', '10000670', 1, 4, '001', 'Floor'),
('1307', '03483W', 1, 66, '001', 'Floor'),
('1308', '04067W', 1, 140, '001', 'Floor'),
('1311', 'GENIUS 5', 1, 4080, '001', 'Floor'),
('1312', 'GENIUS 5', 1, 4032, '001', 'Floor'),
('1313', 'GENIUS 5', 1, 3024, '001', 'Floor'),
('1314', 'GENIUS 1', 1, 4320, '001', 'Floor'),
('1316', '10000566', 1, 160, '001', 'Floor'),
('1317', '10000566', 1, 192, '001', 'Floor'),
('1318', 'GB250', 1, 288, '001', 'Floor'),
('1319', 'XGC4', 1, 4032, '001', 'Floor'),
('1322', 'GC040', 1, 1280, '001', 'Floor'),
('1323', 'GENIUS 5', 1, 4008, '001', 'Floor'),
('1326', 'GENIUS 1', 1, 4320, '001', 'Floor'),
('1327', 'GENIUS 1', 1, 564, '001', 'Floor'),
('1328', 'SIngle Serve Mustard', 1, 840, '001', 'Floor'),
('1329', 'GBX75', 1, 1960, '001', 'Floor'),
('1330', 'GBX75', 1, 2236, '001', 'Floor'),
('1331', 'GENIUS 2X4', 1, 864, '001', 'Floor'),
('1332', 'GENIUS 2X4', 1, 1152, '001', 'Floor'),
('1333', 'GENIUS 2X4', 1, 1152, '001', 'Floor'),
('1334', 'GENIUS 2X4', 1, 1152, '001', 'Floor'),
('1337', 'GEN 5X3', 1, 760, '001', 'Floor'),
('1342', 'GEN PRO 10X4', 1, 718, '001', 'Floor'),
('1347', 'GEN PRO 10X4', 1, 280, '001', 'Floor'),
('1349', '11023684', 1, 0, '001', 'Floor'),
('1351', '216180-S-057', 1, 126, '001', 'Floor'),
('1352', 'BULLNOSE W 6 HOOKS', 1, 126, '001', 'Floor'),
('1354', '216180-C-011', 1, 1368, '001', 'Floor'),
('1355', '217230-C-005', 1, 44, '001', 'Floor'),
('1356', 'GENIUS 2', 1, 5760, '001', 'Floor'),
('1357', 'GB40', 1, 5040, '001', 'Floor'),
('1358', 'GENIUS 2X2', 1, 968, '001', 'Floor'),
('1359', 'GENIUS 2X2', 1, 1460, '001', 'Floor'),
('1360', 'GENIUS 2X4', 1, 480, '001', 'Floor'),
('1361', '10001251', 1, 30, '001', 'Floor'),
('1362', 'GBX75', 1, 720, '001', 'Floor'),
('1363', 'GENIUS 2X2', 1, 722, '001', 'Floor'),
('1364', 'GENIUS 2X2', 1, 1440, '001', 'Floor'),
('1365', 'GEN 5X3', 1, 640, '001', 'Floor'),
('1366', 'XGC4', 1, 2880, '001', 'Floor'),
('1368', 'GENIUS 2', 1, 5760, '001', 'Floor'),
('1372', '11002480', 1, 50, '001', 'Floor'),
('1375', '10000670', 1, 12, '001', 'Floor'),
('1376', '10000670', 1, 12, '001', 'Floor'),
('1377', '10000670', 1, 12, '001', 'Floor'),
('1378', '11000999', 1, 120, '001', 'Floor'),
('1380', '11000999', 1, 120, '001', 'Floor'),
('1390', 'GBC015', 1, 1000, '001', 'Floor'),
('1395', '11025545', 1, 178, '001', 'Floor'),
('14', 'PE2400-G', 1, 315, '001', 'Floor'),
('14-01-1-2', '84692-6', 1, 126, '001', 'Racking'),
('14-01-2-1', 'WPCHCKWHT7', 1, 3840, '001', 'Racking'),
('14-01-2-2', 'WPCHCKWHT7', 1, 3840, '001', 'Racking'),
('14-01-2-3', 'WPCHCKWHT7', 1, 3840, '001', 'Racking'),
('14-01-2-4', 'WPCHCKWHT7', 1, 3840, '001', 'Racking'),
('14-01-3-1', '12345-4', 1, 60, '001', 'Racking'),
('14-01-3-2', '12345-4', 1, 56, '001', 'Racking'),
('14-01-3-3', '12345-4', 1, 60, '001', 'Racking'),
('14-01-3-4', '12345-4', 1, 60, '001', 'Racking'),
('14-02-1-1', 'WPCHWHT2', 1, 14000, '001', 'Racking'),
('14-02-1-2', '84692-0', 1, 0, '001', 'Racking'),
('14-02-1-3', 'WPCHWHT2', 1, 12000, '001', 'Racking'),
('14-02-1-4', '84692-0', 1, 0, '001', 'Racking'),
('14-02-2-1', 'WPCHCKWHT7', 1, 3840, '001', 'Racking'),
('14-02-2-2', 'WPCHCKWHT7', 1, 3840, '001', 'Racking'),
('14-02-2-3', 'WPCHCKWHT7', 1, 3840, '001', 'Racking'),
('14-02-2-4', 'WPCHCKWHT7', 1, 3840, '001', 'Racking'),
('14-02-3-1', 'WPCHWHT4-SP', 1, 7200, '001', 'Racking'),
('14-02-3-2', 'WPCHWHT4-SP', 1, 7200, '001', 'Racking'),
('14-02-3-3', 'WPCHWHT4-SP', 1, 7200, '001', 'Racking'),
('14-02-3-4', 'WPCHWHT4-SP', 1, 7200, '001', 'Racking'),
('14-03-1-1', 'WPCHWHT2', 1, 12000, '001', 'Racking'),
('14-03-1-2', '78551000015', 1, 7, '001', 'Racking'),
('14-03-1-3', 'WPCHWHT2', 1, 12000, '001', 'Racking'),
('14-03-1-4', '78551000015', 1, 50, '001', 'Racking'),
('14-03-2-1', '12345-7', 1, 109, '001', 'Racking'),
('14-03-3-1', 'WPCHWHT4-SP', 1, 7200, '001', 'Racking'),
('14-03-3-2', 'WPCHWHT4-SP', 1, 7200, '001', 'Racking'),
('14-03-3-3', 'WPCHWHT4-SP', 1, 7200, '001', 'Racking'),
('14-03-3-4', 'WPCHWHT4-SP', 1, 7200, '001', 'Racking'),
('14-04-1-2', '78551000015', 1, 50, '001', 'Racking'),
('14-04-1-4', '12345-7', 1, 120, '001', 'Racking'),
('14-04-2-1', '12345-7', 1, 120, '001', 'Racking'),
('14-04-2-2', '12345-7', 1, 120, '001', 'Racking'),
('14-04-2-4', '12345-7', 1, 120, '001', 'Racking'),
('14-04-3-1', 'WPCHWHT4-SP', 1, 7200, '001', 'Racking'),
('14-04-3-2', 'WPCHWHT4-SP', 1, 7200, '001', 'Racking'),
('14-04-3-3', 'WPCHWHT4-SP', 1, 7200, '001', 'Racking'),
('14-04-3-4', 'WPCHWHT4-SP', 1, 7200, '001', 'Racking'),
('14-05-1-1', '78551000015', 1, 0, '001', 'Racking'),
('14-05-1-3', '78551000015', 1, 100, '001', 'Racking'),
('14-05-1-4', '78551000015', 1, 50, '001', 'Racking'),
('14-05-2-1', 'MUSTARG GALLON', 1, 48, '001', 'Racking'),
('14-05-2-2', 'MUSTARG GALLON', 1, 48, '001', 'Racking'),
('14-05-2-3', 'MUSTARG GALLON', 1, 0, '001', 'Racking'),
('14-05-2-4', 'MUSTARG GALLON', 1, 48, '001', 'Racking'),
('14-05-3-1', 'WPCHWHT4-SP', 1, 7200, '001', 'Racking'),
('14-05-3-2', 'WPCHWHT4-SP', 1, 7200, '001', 'Racking'),
('14-05-3-3', 'WPCHWHT4-SP', 1, 7200, '001', 'Racking'),
('1409', 'GBC013', 1, 1998, '001', 'Floor'),
('1410', 'GENIUS 1', 1, 5760, '001', 'Floor'),
('1411', 'GB250', 1, 264, '001', 'Floor'),
('1412', 'GB250', 1, 264, '001', 'Floor'),
('1413', 'GB250', 1, 288, '001', 'Floor'),
('1414', 'GB250', 1, 288, '001', 'Floor'),
('1415', 'GENIUS PRO 25', 1, 288, '001', 'Floor'),
('1416', 'GENIUS PRO 25', 1, 384, '001', 'Floor'),
('1417', 'GWR400', 1, 84, '001', 'Floor'),
('1418', 'GWR400', 1, 144, '001', 'Floor'),
('1419', 'GWR400', 1, 12, '001', 'Floor'),
('1422', 'GBC014', 1, 1920, '001', 'Floor'),
('1423', '03-00318-1', 1, 1248, '001', 'Floor'),
('1424', '03-00318-1', 1, 1248, '001', 'Floor'),
('1425', 'GBC013', 1, 3456, '001', 'Floor'),
('1426', 'GB250', 1, 288, '001', 'Floor'),
('1430', '10000670', 1, 12, '001', 'Floor'),
('1431', '10000670', 1, 12, '001', 'Floor'),
('1432', '10000670', 1, 12, '001', 'Floor'),
('1433', '10000489', 1, 0, '001', 'Floor'),
('1434', '10000489', 1, 12, '001', 'Floor'),
('1435', '10000489', 1, 0, '001', 'Floor'),
('1436', '10000489', 1, 72, '001', 'Floor'),
('1437', '10000489', 1, 144, '001', 'Floor'),
('1438', '10000489', 1, 144, '001', 'Floor'),
('1439', '10000489', 1, 144, '001', 'Floor'),
('1440', '10000489', 1, 132, '001', 'Floor'),
('1441', '10000489', 1, 0, '001', 'Floor'),
('1442', '10000489', 1, 0, '001', 'Floor'),
('1443', '10000489', 1, 0, '001', 'Floor'),
('1445', 'GENIUS 1', 1, 2880, '001', 'Floor'),
('1446', 'GENIUS 1', 1, 5760, '001', 'Floor'),
('1447', '10000489', 1, 36, '001', 'Floor'),
('1448', 'GEN 5X2', 1, 160, '001', 'Floor'),
('1449', 'GENIUS 1', 1, 5760, '001', 'Floor'),
('1450', 'GC040', 1, 1536, '001', 'Floor'),
('1451', 'GC040', 1, 1536, '001', 'Floor'),
('1452', 'GC040', 1, 1536, '001', 'Floor'),
('1453', 'GC040', 1, 1536, '001', 'Floor'),
('1454', 'GC040', 1, 896, '001', 'Floor'),
('1455', 'GENIUS 2X2', 1, 960, '001', 'Floor'),
('1456', 'DSCK8', 1, 7, '001', 'Floor'),
('1457', 'DSCK8', 1, 8, '001', 'Floor'),
('1458', 'DSCK8', 1, 8, '001', 'Floor'),
('1459', 'GBC014', 1, 800, '001', 'Floor'),
('1460', '216180-K-074', 1, 2, '001', 'Floor'),
('1464', '220121-C-093', 1, 144, '001', 'Floor'),
('1465', '219054-F-001', 1, 32, '001', 'Floor'),
('1466', 'GBC015', 1, 1200, '001', 'Floor'),
('1467', '217009-F-003', 1, 9, '001', 'Floor'),
('1468', '218001-F-013', 1, 20, '001', 'Floor'),
('1469', '219054-F-001', 1, 85, '001', 'Floor'),
('1470', 'GBC015', 1, 1200, '001', 'Floor'),
('1471', 'GENIUS 5', 1, 3024, '001', 'Floor'),
('1472', 'GC040', 1, 1532, '001', 'Floor'),
('1473', 'GC040', 1, 1536, '001', 'Floor'),
('1479', 'GCOA-006-OH', 1, 38, '001', 'Floor'),
('1480', 'GCOA-006-OH', 1, 48, '001', 'Floor'),
('1481', 'GCOA-006-OH', 1, 64, '001', 'Floor'),
('1484', '10001382', 1, 144, '001', 'Floor'),
('1487', '10000155', 1, 5, '001', 'Floor'),
('1491', 'GC040', 1, 640, '001', 'Floor'),
('15-01-1-2', '103', 1, 101, '001', 'Racking'),
('15-01-2-1', '84692-6', 1, 126, '001', 'Racking'),
('15-01-2-2', '84692-6', 1, 50, '001', 'Racking'),
('15-02-1-1', 'SIngle Serve Mustard', 1, 70, '001', 'Racking'),
('15-02-1-2', 'SIngle Serve Mustard', 1, 120, '001', 'Racking'),
('15-02-2-1', '12345-4', 1, 60, '001', 'Racking'),
('15-02-2-2', '12349-6', 1, 120, '001', 'Racking'),
('15-02-2-4', '84692-6', 1, 126, '001', 'Racking'),
('15-03-1-2', '84692-6', 1, 126, '001', 'Racking'),
('15-03-2-1', 'MUSTARG GALLON', 1, 7, '001', 'Racking'),
('15-03-2-2', '84692-6', 1, 126, '001', 'Racking'),
('15-03-3-1', '12345-4', 1, 60, '001', 'Racking'),
('15-04-1-1', '84692-6', 1, 126, '001', 'Racking'),
('15-04-1-2', '84692-6', 1, 126, '001', 'Racking'),
('15-04-2-1', '84692-6', 1, 126, '001', 'Racking'),
('15-04-2-2', '84692-6', 1, 126, '001', 'Racking'),
('15-04-3-1', '12345-4', 1, 59, '001', 'Racking'),
('15-04-3-2', '12345-4', 1, 60, '001', 'Racking'),
('15-05-1-1', '84692-6', 1, 12, '001', 'Racking'),
('15-05-1-2', '84692-6', 1, 378, '001', 'Racking'),
('15-05-2-1', '84692-6', 1, 126, '001', 'Racking'),
('15-05-2-2', '12345-7', 1, 120, '001', 'Racking'),
('15-05-3-1', '12345-7', 1, 120, '001', 'Racking'),
('15-05-3-2', 'SIngle Serve Mustard', 1, 120, '001', 'Racking'),
('16-01-1-1', 'SIngle Serve Mustard', 1, NULL, '001', 'Racking'),
('16-01-2-1', 'GENIUS 1', 1, NULL, '001', 'Racking'),
('16-01-3-1', '5WH', 1, NULL, '001', 'Racking'),
('16-02-1-1', 'SIngle Serve Mustard', 1, NULL, '001', 'Racking'),
('16-02-1-2', 'SIngle Serve Mustard', 1, NULL, '001', 'Racking'),
('16-02-3-1', '5KR', 1, NULL, '001', 'Racking'),
('16-02-3-2', '5KH', 1, NULL, '001', 'Racking'),
('16-03-1-1', '84692-6', 1, NULL, '001', 'Racking'),
('16-03-1-2', '84692-6', 1, NULL, '001', 'Racking'),
('16-03-2-2', 'Retro', 1, NULL, '001', 'Racking'),
('16-03-3-1', '5KR', 1, NULL, '001', 'Racking'),
('16-03-3-2', '5KH', 1, NULL, '001', 'Racking'),
('16-04-1-1', '84692-6', 1, NULL, '001', 'Racking'),
('16-04-1-2', '84692-6', 1, NULL, '001', 'Racking'),
('16-04-2-1', 'MUSTARG GALLON', 1, NULL, '001', 'Racking'),
('16-04-2-2', 'MUSTARG GALLON', 1, NULL, '001', 'Racking'),
('16-04-3-1', '5KR', 1, NULL, '001', 'Racking'),
('16-04-3-2', '5KH', 1, NULL, '001', 'Racking'),
('16-05-1-1', '84692-6', 1, NULL, '001', 'Racking'),
('16-05-1-2', '84692-6', 1, NULL, '001', 'Racking'),
('16-05-2-1', 'GENIUS 1', 1, NULL, '001', 'Racking'),
('16-05-2-4', '84692-6', 1, NULL, '001', 'Racking'),
('16-05-3-2', '84692-6', 1, NULL, '001', 'Racking'),
('17-01-1-1', '#1', 1, NULL, '001', 'Racking'),
('17-01-1-2', 'WPCHRED4', 1, NULL, '001', 'Racking'),
('17-01-2-1', 'KS7006', 1, NULL, '001', 'Racking'),
('17-01-2-2', 'KS7006', 1, NULL, '001', 'Racking'),
('17-01-2-3', 'KS7006', 1, NULL, '001', 'Racking'),
('17-01-3-1', '5WR', 1, NULL, '001', 'Racking'),
('17-01-3-2', '5WR', 1, NULL, '001', 'Racking'),
('17-02-1-1', 'WPCHCKWHT7', 1, NULL, '001', 'Racking'),
('17-02-2-1', '0 1/2', 1, NULL, '001', 'Racking'),
('17-02-2-2', 'MA-0602', 1, NULL, '001', 'Racking'),
('17-02-3-1', '5KR', 1, NULL, '001', 'Racking'),
('17-02-3-2', 'CAN1KH', 1, NULL, '001', 'Racking'),
('17-03-1-1', 'F', 1, NULL, '001', 'Racking'),
('17-03-2-1', 'KS7006', 1, NULL, '001', 'Racking'),
('17-03-2-2', 'KS7006', 1, NULL, '001', 'Racking'),
('17-03-2-3', 'KS7006', 1, NULL, '001', 'Racking'),
('17-03-3-1', '5WR', 1, NULL, '001', 'Racking'),
('17-03-3-2', '5WR', 1, NULL, '001', 'Racking'),
('17-04-2-1', 'KS7006', 1, NULL, '001', 'Racking'),
('17-04-2-2', 'KS7006', 1, NULL, '001', 'Racking'),
('17-04-3-1', '5WR', 1, NULL, '001', 'Racking'),
('17-04-3-2', 'CAN1KH', 1, NULL, '001', 'Racking'),
('17-05-1-1', '0 3/4', 1, NULL, '001', 'Racking'),
('17-05-2-1', 'WPCHRED4', 1, NULL, '001', 'Racking'),
('17-05-2-2', 'WPCHRED4', 1, NULL, '001', 'Racking'),
('17-05-3-1', '5KH', 1, NULL, '001', 'Racking'),
('17-05-3-2', '5KH', 1, NULL, '001', 'Racking'),
('18-01-4-2', 'TV8901 005', 1, NULL, '001', 'Racking'),
('18-02-1-1', 'YELLOW 5 GAL', 1, NULL, '001', 'Racking'),
('18-02-1-2', 'YELLOW 5 GAL', 1, NULL, '001', 'Racking'),
('18-02-2-1', 'WHITE 5 GAL', 1, NULL, '001', 'Racking'),
('18-02-2-2', 'YELLOW 5 GAL', 1, NULL, '001', 'Racking'),
('18-02-3-1', 'YELLOW 5 GAL', 1, NULL, '001', 'Racking'),
('18-02-3-2', 'YELLOW 5 GAL', 1, NULL, '001', 'Racking'),
('18-02-4-1', 'YELLOW 5 GAL', 1, NULL, '001', 'Racking'),
('18-02-4-2', 'YELLOW 5 GAL', 1, NULL, '001', 'Racking'),
('18-03-1-1', 'WHITE 5 GAL', 1, NULL, '001', 'Racking'),
('18-03-1-2', 'WHITE 5 GAL', 1, NULL, '001', 'Racking'),
('18-03-2-1', 'YELLOW 5 GAL', 1, NULL, '001', 'Racking'),
('18-03-2-2', 'YELLOW 5 GAL', 1, NULL, '001', 'Racking'),
('18-03-3-1', 'WHITE 5 GAL', 1, NULL, '001', 'Racking'),
('18-03-3-2', 'WHITE 5 GAL', 1, NULL, '001', 'Racking'),
('18-03-4-1', 'WHITE 5 GAL', 1, NULL, '001', 'Racking'),
('18-03-4-2', 'YELLOW 5 GAL', 1, NULL, '001', 'Racking'),
('19-01-1-1', 'WHITE 5 GAL', 1, NULL, '001', 'Racking'),
('19-01-2-2', 'PS5009A-G', 1, NULL, '001', 'Racking'),
('19-02-1-2', 'MP2285-Q', 1, NULL, '001', 'Racking'),
('19-02-2-1', 'MP2445-Q', 1, NULL, '001', 'Racking'),
('19-02-3-1', 'CR22AF-Q', 1, NULL, '001', 'Racking'),
('19-02-3-2', 'MP2275-Q', 1, NULL, '001', 'Racking'),
('19-03-1-1', 'MP2265-Q', 1, NULL, '001', 'Racking'),
('19-03-1-2', '9270-3.75', 1, NULL, '001', 'Racking'),
('19-03-2-1', 'MP2265-Q', 1, NULL, '001', 'Racking'),
('19-03-2-2', '9270-3.75', 1, NULL, '001', 'Racking'),
('19-03-3-1', 'CR22FEE-P', 1, NULL, '001', 'Racking'),
('19-03-3-2', '9092-G', 1, NULL, '001', 'Racking'),
('19-04-1-1', '9082-P', 1, NULL, '001', 'Racking'),
('19-04-1-2', '9276-001', 1, NULL, '001', 'Racking'),
('19-04-2-2', 'PS5008B-Q', 1, NULL, '001', 'Racking'),
('19-04-3-1', '9338-Q', 1, NULL, '001', 'Racking'),
('19-05-1-1', 'PE1900-G', 1, NULL, '001', 'Racking'),
('19-05-2-1', 'CRV22-G', 1, NULL, '001', 'Racking'),
('19-05-3-2', 'TH0605-G', 1, NULL, '001', 'Racking'),
('20-01-1-1', '9218-001', 1, NULL, '001', 'Racking'),
('20-01-1-2', '9217-001', 1, NULL, '001', 'Racking'),
('20-01-2-2', '9229-001', 1, NULL, '001', 'Racking'),
('20-01-3-1', '9227-001', 1, NULL, '001', 'Racking'),
('20-01-3-2', '9221-001', 1, NULL, '001', 'Racking'),
('20-01-4-1', '9092-P', 1, NULL, '001', 'Racking'),
('20-01-4-2', '9092-P', 1, NULL, '001', 'Racking'),
('20-02-1-2', 'BDRD01-G', 1, NULL, '001', 'Racking'),
('20-02-3-1', '9226-001', 1, NULL, '001', 'Racking'),
('20-02-3-2', '9336-Q', 1, NULL, '001', 'Racking'),
('20-02-4-1', '9228-001', 1, NULL, '001', 'Racking'),
('20-02-4-2', 'MP2465-Q', 1, NULL, '001', 'Racking'),
('20-03-1-1', 'EZ600B-Q', 1, NULL, '001', 'Racking'),
('20-03-1-2', 'TH07185-G', 1, NULL, '001', 'Racking'),
('20-03-2-1', '9225-001', 1, NULL, '001', 'Racking'),
('20-03-2-2', '9341-G', 1, NULL, '001', 'Racking'),
('20-03-3-1', '9082-Q', 1, NULL, '001', 'Racking'),
('20-03-3-2', '9224-001', 1, NULL, '001', 'Racking'),
('20-03-4-2', '9208-001', 1, NULL, '001', 'Racking'),
('20-04-1-1', '9700-G', 1, NULL, '001', 'Racking'),
('20-04-2-1', '9232-001', 1, NULL, '001', 'Racking'),
('20-04-3-1', '9223-001', 1, NULL, '001', 'Racking'),
('20-04-3-2', '9302-001', 1, NULL, '001', 'Racking'),
('20-04-4-1', '9215-001', 1, NULL, '001', 'Racking'),
('20-05-1-1', '9203-3.75', 1, NULL, '001', 'Racking'),
('20-05-1-2', '9237-0.5', 1, NULL, '001', 'Racking'),
('20-05-2-1', '9316-001', 1, NULL, '001', 'Racking'),
('20-05-2-2', '9222-001', 1, NULL, '001', 'Racking'),
('20-05-3-1', '9255-0.5', 1, NULL, '001', 'Racking'),
('20-05-3-2', '9320-001', 1, NULL, '001', 'Racking'),
('20-05-4-2', '9240-001', 1, NULL, '001', 'Racking'),
('20-06-1-1', '9261-0.5', 1, NULL, '001', 'Racking'),
('20-06-1-2', 'PS3044-G', 1, NULL, '001', 'Racking'),
('20-06-2-2', '9268-001', 1, NULL, '001', 'Racking'),
('20-06-3-1', '9257-0.5', 1, NULL, '001', 'Racking'),
('20-06-4-2', '9213-001', 1, NULL, '001', 'Racking'),
('20-07-1-1', '9206-3.75', 1, NULL, '001', 'Racking'),
('20-07-1-2', '9233-001', 1, NULL, '001', 'Racking'),
('20-07-2-1', 'MP4085-Q', 1, NULL, '001', 'Racking'),
('20-07-2-2', 'CR22AM-Q', 1, NULL, '001', 'Racking'),
('20-07-3-1', '9233-001', 1, NULL, '001', 'Racking'),
('20-07-3-2', '9314-001', 1, NULL, '001', 'Racking'),
('20-07-4-1', '9269-001', 1, NULL, '001', 'Racking'),
('20-08-1-1', 'EZ601A-G', 1, NULL, '001', 'Racking'),
('20-08-1-2', '9095-2.5', 1, NULL, '001', 'Racking'),
('20-08-2-1', '9266-0.5', 1, NULL, '001', 'Racking'),
('20-08-2-2', '9092-Q', 1, NULL, '001', 'Racking'),
('20-08-4-1', '9258-0.5', 1, NULL, '001', 'Racking'),
('20-08-4-2', '9235-001', 1, NULL, '001', 'Racking'),
('20-09-1-1', '1156-G', 1, NULL, '001', 'Racking'),
('20-09-2-1', '9091-P', 1, NULL, '001', 'Racking'),
('20-09-3-2', '9254-001', 1, NULL, '001', 'Racking'),
('20-09-4-1', 'TH07160-G', 1, NULL, '001', 'Racking'),
('20-09-4-2', 'MP4065-Q', 1, NULL, '001', 'Racking'),
('20-10-1-1', '9201-3.75', 1, NULL, '001', 'Racking'),
('20-10-1-2', '9205-3.75', 1, NULL, '001', 'Racking'),
('20-10-2-2', '9701-Q', 1, NULL, '001', 'Racking'),
('20-11-1-1', 'PE2600-5L', 1, NULL, '001', 'Racking'),
('20-11-1-2', '9336-G', 1, NULL, '001', 'Racking'),
('20-11-2-1', '9299-3.75', 1, NULL, '001', 'Racking'),
('20-11-3-1', 'BDRD02-G', 1, NULL, '001', 'Racking'),
('20-11-3-2', '9250-001', 1, NULL, '001', 'Racking'),
('20-11-4-2', '9271-3.75', 1, NULL, '001', 'Racking'),
('20-12-1-1', 'TH0885-G', 1, NULL, '001', 'Racking'),
('20-12-1-2', '9302-3.75', 1, NULL, '001', 'Racking'),
('20-12-2-1', '9225-3.75', 1, NULL, '001', 'Racking'),
('20-12-2-2', '9306-0.5', 1, NULL, '001', 'Racking'),
('20-12-3-1', '9248-001', 1, NULL, '001', 'Racking'),
('20-12-3-2', '9282-001', 1, NULL, '001', 'Racking'),
('20-12-4-1', '9093-P', 1, NULL, '001', 'Racking'),
('20-12-4-2', '9245-001', 1, NULL, '001', 'Racking'),
('20-13-1-1', '9337-G', 1, NULL, '001', 'Racking'),
('20-13-1-2', '9702-G', 1, NULL, '001', 'Racking'),
('20-13-2-1', '9317-0.5', 1, NULL, '001', 'Racking'),
('20-13-2-2', '9312-001', 1, NULL, '001', 'Racking'),
('20-13-3-1', '9318-0.5', 1, NULL, '001', 'Racking'),
('20-13-3-2', '9310-001', 1, NULL, '001', 'Racking'),
('20-14-1-1', 'EZ603A-G', 1, NULL, '001', 'Racking'),
('20-14-2-1', '9313-001', 1, NULL, '001', 'Racking'),
('20-14-2-2', 'PS3042-G', 1, NULL, '001', 'Racking'),
('20-14-3-1', '9319-0.5', 1, NULL, '001', 'Racking'),
('20-14-3-2', '9315-001', 1, NULL, '001', 'Racking'),
('20-15-1-1', '9347-G', 1, NULL, '001', 'Racking'),
('20-15-1-2', 'PA3040E-G', 1, NULL, '001', 'Racking'),
('20-15-2-1', 'TH5950-G', 1, NULL, '001', 'Racking'),
('20-15-2-2', 'PE2100-5L', 1, NULL, '001', 'Racking'),
('20-15-3-1', '9311-001', 1, NULL, '001', 'Racking'),
('20-16-1-1', '1056-3.75', 1, NULL, '001', 'Racking'),
('20-16-1-2', '9338-G', 1, NULL, '001', 'Racking'),
('20-16-2-1', 'TH07175-G', 1, NULL, '001', 'Racking'),
('20-17-1-1', '9704-G', 1, NULL, '001', 'Racking'),
('20-17-1-2', 'EZ543-Q', 1, NULL, '001', 'Racking'),
('20-17-2-1', '9707-005', 1, NULL, '001', 'Racking'),
('20-17-3-1', 'PE2200-G', 1, NULL, '001', 'Racking'),
('20-17-3-2', 'MP2175-2.5L', 1, NULL, '001', 'Racking'),
('20-18-1-1', 'PE2400-G', 1, NULL, '001', 'Racking'),
('20-18-2-1', 'MP2475-Q', 1, NULL, '001', 'Racking'),
('20-18-2-2', '9701-G', 1, NULL, '001', 'Racking'),
('20-18-3-1', 'CR22ACC-P', 1, NULL, '001', 'Racking'),
('20-19-1-1', '9091-G', 1, NULL, '001', 'Racking'),
('20-19-2-1', 'TH0870-G', 1, NULL, '001', 'Racking'),
('20-19-3-1', 'TH0895-G', 1, NULL, '001', 'Racking'),
('20-20-1-1', '9202-3.75', 1, NULL, '001', 'Racking'),
('20-20-1-2', '9204-3.75', 1, NULL, '001', 'Racking'),
('20-20-2-1', '9091-Q', 1, NULL, '001', 'Racking'),
('20-20-2-2', '9093-Q', 1, NULL, '001', 'Racking'),
('20-21-1-1', '1158-G', 1, NULL, '001', 'Racking'),
('20-21-1-2', '1157-G', 1, NULL, '001', 'Racking'),
('20-21-2-1', '1158-Q', 1, NULL, '001', 'Racking'),
('20-21-2-2', 'EZ317AN-Q', 1, NULL, '001', 'Racking'),
('25-01-1-1', 'WR2448.25 5.55.25', 1, NULL, '001', 'Racking'),
('25-01-1-2', 'WR2448.25 5.55.25', 1, NULL, '001', 'Racking'),
('25-02-1-1', 'WR2448.25 5.55.25', 1, NULL, '001', 'Racking'),
('25-02-1-2', 'WR2448.25 5.55.25', 1, NULL, '001', 'Racking'),
('25-03-1-1', 'WR2448.25 5.55.25', 1, NULL, '001', 'Racking'),
('25-03-1-2', 'WR2448.25 5.55.25', 1, NULL, '001', 'Racking'),
('25-04-1-1', 'WR2448.25 5.55.25', 1, NULL, '001', 'Racking'),
('25-04-1-2', 'WR2448.25 5.55.25', 1, NULL, '001', 'Racking'),
('25-05-1-1', 'WR2448.25 5.55.25', 1, NULL, '001', 'Racking'),
('25-05-1-2', 'WR2448.25 5.55.25', 1, NULL, '001', 'Racking'),
('25-06-1-1', 'WR2448.25 5.55.25', 1, NULL, '001', 'Racking'),
('25-06-1-2', 'WR2448.25 5.55.25', 1, NULL, '001', 'Racking'),
('25-07-1-1', 'WR2448.25 5.55.25', 1, NULL, '001', 'Racking'),
('25-07-1-2', 'WR2448.25 5.55.25', 1, NULL, '001', 'Racking'),
('25-08-1-1', 'WR2448.25 5.55.25', 1, NULL, '001', 'Racking'),
('25-08-1-2', 'WR2448.25 5.55.25', 1, NULL, '001', 'Racking'),
('25-09-1-1', 'WR2448.25 5.55.25', 1, NULL, '001', 'Racking'),
('25-09-1-2', 'WR2448.25 5.55.25', 1, NULL, '001', 'Racking'),
('25-10-1-1', 'WR2448.25 5.55.25', 1, NULL, '001', 'Racking'),
('25-10-1-2', 'WR2448.25 5.55.25', 1, NULL, '001', 'Racking'),
('25-11-1-1', 'WR2448.25 5.55.25', 1, NULL, '001', 'Racking'),
('25-11-1-2', 'WR2448.25 5.55.25', 1, NULL, '001', 'Racking'),
('25-12-1-2', 'WR2448.25 5.55.25', 1, NULL, '001', 'Racking'),
('25-13-1-1', 'WR2448.25 5.55.25', 1, NULL, '001', 'Racking'),
('25-13-1-2', 'WR2448.25 5.55.25', 1, NULL, '001', 'Racking'),
('25-14-1-1', 'WR2448.25 5.55.25', 1, NULL, '001', 'Racking'),
('25-14-1-2', 'WR2448.25 5.55.25', 1, NULL, '001', 'Racking'),
('25-15-1-1', 'WR2448.25 5.55.25', 1, NULL, '001', 'Racking'),
('25-15-1-2', 'WR2448.25 5.55.25', 1, NULL, '001', 'Racking'),
('A1', '11002215', 1, NULL, '002', 'Floor'),
('A2', '11002215', 1, NULL, '002', 'Floor'),
('A27', '11002215', 1, NULL, '002', 'Floor'),
('A28', '11002215', 1, NULL, '002', 'Floor'),
('A29', '11002215', 1, NULL, '002', 'Floor'),
('A3', '11002215', 1, NULL, '002', 'Floor'),
('A30', '11002215', 1, NULL, '002', 'Floor'),
('A31', '11002215', 1, NULL, '002', 'Floor'),
('A32', '11002215', 1, NULL, '002', 'Floor'),
('A35', '11002215', 1, NULL, '002', 'Floor'),
('A36', '11002215', 1, NULL, '002', 'Floor'),
('A37', '11002215', 1, NULL, '002', 'Floor'),
('A38', '11002215', 1, NULL, '002', 'Floor'),
('C28', 'A24376', 1, NULL, '002', 'Floor'),
('C29', 'A24376', 1, NULL, '002', 'Floor'),
('C30', 'A24376', 1, NULL, '002', 'Floor'),
('D1', '81-12059C', 1, NULL, '002', 'Floor'),
('D10', '88376', 2, NULL, '002', 'Floor'),
('D11', 'A28824', 1, NULL, '002', 'Floor'),
('D12', 'A63776', 1, NULL, '002', 'Floor'),
('D13', 'A17110', 1, NULL, '002', 'Floor'),
('D14', '81-20368', 1, NULL, '002', 'Floor'),
('D15', '15876', 1, NULL, '002', 'Floor'),
('D16', '86175', 1, NULL, '002', 'Floor'),
('D17', '86175', 1, NULL, '002', 'Floor'),
('D18', '64677', 1, NULL, '002', 'Floor'),
('D19', '81-20382', 1, NULL, '002', 'Floor'),
('D2', '81-28395', 1, NULL, '002', 'Floor'),
('D20', '86376', 1, NULL, '002', 'Floor'),
('D21', '81-22485', 1, NULL, '002', 'Floor'),
('D22', '86375', 1, NULL, '002', 'Floor'),
('D23', '81-22485', 1, NULL, '002', 'Floor'),
('D24', 'A23376', 1, NULL, '002', 'Floor'),
('D25', '15274', 1, NULL, '002', 'Floor'),
('D26', '15876', 1, NULL, '002', 'Floor'),
('D27', '15724', 1, NULL, '002', 'Floor'),
('D28', '15274', 1, NULL, '002', 'Floor'),
('D29', '15274', 1, NULL, '002', 'Floor'),
('D3', '27007-200', 1, NULL, '002', 'Floor'),
('D30', '81-22904', 1, NULL, '002', 'Floor'),
('D31', '80-15750', 1, NULL, '002', 'Floor'),
('D32', '56005-200', 1, NULL, '002', 'Floor'),
('D33', '86124-4', 1, NULL, '002', 'Floor'),
('D34', '55001-400', 1, NULL, '002', 'Floor'),
('D35', '15876', 1, NULL, '002', 'Floor'),
('D36', '15824', 1, NULL, '002', 'Floor'),
('D37', '15824', 1, NULL, '002', 'Floor'),
('D38', '15824', 1, NULL, '002', 'Floor'),
('D39', '65210', 1, NULL, '002', 'Floor'),
('D4', '81-8168', 1, NULL, '002', 'Floor'),
('D40', '65210', 1, NULL, '002', 'Floor'),
('D41', '65210', 1, NULL, '002', 'Floor'),
('D42', 'A28800', 1, NULL, '002', 'Floor'),
('D43', 'A28800', 1, NULL, '002', 'Floor'),
('D44', '85176', 1, NULL, '002', 'Floor'),
('D46', '15724', 1, NULL, '002', 'Floor'),
('D47', '56006-201', 1, NULL, '002', 'Floor'),
('D5', '81-33825', 1, NULL, '002', 'Floor'),
('D6', '81-28395', 1, NULL, '002', 'Floor'),
('D7', '81-30237', 1, NULL, '002', 'Floor'),
('D8', '22942-400', 1, NULL, '002', 'Floor'),
('D9', '81-20399', 1, NULL, '002', 'Floor'),
('E1', '46310', 1, NULL, '002', 'Floor'),
('E10', '15876', 1, NULL, '002', 'Floor'),
('E100', '10000155', 1, NULL, '002', 'Floor'),
('E11', '15876', 1, NULL, '002', 'Floor'),
('E12', '15876', 1, NULL, '002', 'Floor'),
('E13', '22670', 1, NULL, '002', 'Floor'),
('E14', '22670', 1, NULL, '002', 'Floor'),
('E15', '22670', 1, NULL, '002', 'Floor'),
('E16', '81-3330', 1, NULL, '002', 'Floor'),
('E17', '81-3330', 1, NULL, '002', 'Floor'),
('E18', 'A22020-200', 1, NULL, '002', 'Floor'),
('E19', '81-33825', 1, NULL, '002', 'Floor'),
('E2', 'A28810', 1, NULL, '002', 'Floor'),
('E20', '22009-I04', 1, NULL, '002', 'Floor'),
('E21', '22040-200', 1, NULL, '002', 'Floor'),
('E22', '22040-200', 1, NULL, '002', 'Floor'),
('E23', '22040-200', 1, NULL, '002', 'Floor'),
('E24', '22040-200', 1, NULL, '002', 'Floor'),
('E25', '22040-200', 1, NULL, '002', 'Floor'),
('E26', '22040-200', 1, NULL, '002', 'Floor'),
('E27', '22040-200', 1, NULL, '002', 'Floor'),
('E28', 'A28878', 1, NULL, '002', 'Floor'),
('E29', '15274', 1, NULL, '002', 'Floor'),
('E3', 'A28810', 1, NULL, '002', 'Floor'),
('E30', 'A28878', 1, NULL, '002', 'Floor'),
('E31', 'A28878', 1, NULL, '002', 'Floor'),
('E32', '81-34440', 1, NULL, '002', 'Floor'),
('E33', '81-18945', 1, NULL, '002', 'Floor'),
('E34', '15776', 1, NULL, '002', 'Floor'),
('E35', '15776', 1, NULL, '002', 'Floor'),
('E36', '15776', 1, NULL, '002', 'Floor'),
('E37', '15776', 1, NULL, '002', 'Floor'),
('E38', 'A75076', 1, NULL, '002', 'Floor'),
('E39', 'A28800', 1, NULL, '002', 'Floor'),
('E4', 'A28810', 1, NULL, '002', 'Floor'),
('E41', '55001-400', 1, NULL, '002', 'Floor'),
('E42', '55000-300', 1, NULL, '002', 'Floor'),
('E43', '80-5101P', 1, NULL, '002', 'Floor'),
('E44', '81-22881', 1, NULL, '002', 'Floor'),
('E45', '51050', 1, NULL, '002', 'Floor'),
('E46', 'A93313', 1, NULL, '002', 'Floor'),
('E5', 'A28810', 1, NULL, '002', 'Floor'),
('E6', '13017-400', 1, NULL, '002', 'Floor'),
('E7', '13017-400', 1, NULL, '002', 'Floor'),
('E8', 'A23450', 1, NULL, '002', 'Floor'),
('E9', 'A24250', 1, NULL, '002', 'Floor'),
('F1', '15724', 1, NULL, '002', 'Floor'),
('F10', '88376', 1, NULL, '002', 'Floor'),
('F11', '88376', 1, NULL, '002', 'Floor'),
('F12', '88376', 1, NULL, '002', 'Floor'),
('F13', 'A22476', 1, NULL, '002', 'Floor'),
('F14', '81-3316', 1, NULL, '002', 'Floor'),
('F15', '81-3316', 1, NULL, '002', 'Floor'),
('F16', 'A24376', 1, NULL, '002', 'Floor'),
('F17', 'A24376', 1, NULL, '002', 'Floor'),
('F18', 'A24376', 1, NULL, '002', 'Floor'),
('F19', '02650', 1, NULL, '002', 'Floor'),
('F2', '81-34259', 1, NULL, '002', 'Floor'),
('F20', 'A28800', 1, NULL, '002', 'Floor'),
('F21', 'A28800', 1, NULL, '002', 'Floor'),
('F22', 'A28800', 1, NULL, '002', 'Floor'),
('F23', 'A28800', 1, NULL, '002', 'Floor'),
('F24', 'A28800', 1, NULL, '002', 'Floor'),
('F25', 'A28800', 1, NULL, '002', 'Floor'),
('F26', 'A28800', 1, NULL, '002', 'Floor'),
('F27', '65278', 1, NULL, '002', 'Floor'),
('F28', '44004-500', 1, NULL, '002', 'Floor'),
('F29', '22010-I04', 1, NULL, '002', 'Floor'),
('F3', '37510', 1, NULL, '002', 'Floor'),
('F30', '81-22454', 1, NULL, '002', 'Floor'),
('F31', '13740', 1, NULL, '002', 'Floor'),
('F32', '81-34440', 1, NULL, '002', 'Floor'),
('F33', '81-18945', 1, NULL, '002', 'Floor'),
('F34', '81-18945', 1, NULL, '002', 'Floor'),
('F35', '81-18945', 1, NULL, '002', 'Floor'),
('F36', '81-18945', 1, NULL, '002', 'Floor'),
('F37', '15976', 1, NULL, '002', 'Floor'),
('F38', '15976', 1, NULL, '002', 'Floor'),
('F39', '15976', 1, NULL, '002', 'Floor'),
('F4', 'A93313', 1, NULL, '002', 'Floor'),
('F40', '15976', 1, NULL, '002', 'Floor'),
('F41', '15976', 1, NULL, '002', 'Floor'),
('F42', '15976', 1, NULL, '002', 'Floor'),
('F43', '15976', 1, NULL, '002', 'Floor'),
('F44', '46310', 1, NULL, '002', 'Floor'),
('F45', '22013-200', 1, NULL, '002', 'Floor'),
('F46', '151800', 1, NULL, '002', 'Floor'),
('F47', '151800', 1, NULL, '002', 'Floor'),
('F48', '151800', 1, NULL, '002', 'Floor'),
('F5', '65210', 1, NULL, '002', 'Floor'),
('F50', '151800', 1, NULL, '002', 'Floor'),
('F6', '81-2968', 1, NULL, '002', 'Floor'),
('F7', '81-2968', 1, NULL, '002', 'Floor'),
('F8', '81-2968', 1, NULL, '002', 'Floor'),
('F9', '88376', 1, NULL, '002', 'Floor'),
('G1', '10000670', 1, NULL, '002', 'Floor'),
('G10', '10000670', 1, NULL, '002', 'Floor'),
('G11', '10000670', 1, NULL, '002', 'Floor'),
('G12', '10000670', 1, NULL, '002', 'Floor'),
('G13', '10000670', 1, NULL, '002', 'Floor'),
('G14', '10001382', 1, NULL, '002', 'Floor'),
('G15', '10001382', 1, NULL, '002', 'Floor'),
('G16', '10000155', 1, NULL, '002', 'Floor'),
('G17', '10000670', 1, NULL, '002', 'Floor'),
('G18', 'A22020-200', 1, NULL, '002', 'Floor'),
('G2', '10000670', 1, NULL, '002', 'Floor'),
('G20', '10000155', 1, NULL, '002', 'Floor'),
('G21', '10000155', 1, NULL, '002', 'Floor'),
('G24', '10000670', 1, NULL, '002', 'Floor'),
('G25', '10000670', 1, NULL, '002', 'Floor'),
('G3', '10000670', 1, NULL, '002', 'Floor'),
('G4', '10000670', 1, NULL, '002', 'Floor'),
('G5', '10000670', 1, NULL, '002', 'Floor'),
('G6', '10000155', 1, NULL, '002', 'Floor'),
('G7', '10000155', 1, NULL, '002', 'Floor'),
('G8', '10000155', 1, NULL, '002', 'Floor'),
('G9', '10000155', 1, NULL, '002', 'Floor'),
('HZ1', '11023564', 1, NULL, '001', 'Floor'),
('HZ3', '11023564', 1, NULL, '001', 'Floor'),
('HZ4', '11023564', 1, NULL, '001', 'Floor'),
('HZ5', '11023564', 1, NULL, '001', 'Floor'),
('HZ6', 'P-K50C', 1, NULL, '001', 'Floor'),
('HZ7', '11023564', 1, NULL, '001', 'Floor'),
('HZ8', '11023564', 1, NULL, '001', 'Floor'),
('HZ9', '11023564', 1, NULL, '001', 'Floor');

-- --------------------------------------------------------

--
-- Table structure for table `pick`
--

CREATE TABLE `pick` (
  `Transaction_ID` varchar(10) NOT NULL,
  `Entered_by` varchar(20) NOT NULL,
  `Date` date NOT NULL,
  `Customer_ID` varchar(10) NOT NULL,
  `SKU` varchar(30) NOT NULL,
  `Count` int(11) NOT NULL,
  `Pick_piece_count` int(11) NOT NULL,
  `Partial_piece_count` int(11) NOT NULL
) ENGINE=InnoDB DEFAULT CHARSET=utf8mb4;

-- --------------------------------------------------------

--
-- Table structure for table `product`
--

CREATE TABLE `product` (
  `SKU` varchar(30) NOT NULL,
  `Customer_ID` varchar(10) NOT NULL,
  `Total_count` int(11) DEFAULT NULL,
  `Piece_count` int(11) DEFAULT NULL,
  `Pallet_type` varchar(20) DEFAULT NULL
) ENGINE=InnoDB DEFAULT CHARSET=utf8mb4 COMMENT='Piece count is per pallet\nTotal count is total pallets in all warehouses.';

--
-- Dumping data for table `product`
--

INSERT INTO `product` (`SKU`, `Customer_ID`, `Total_count`, `Piece_count`, `Pallet_type`) VALUES
('#1', '001', 1, 20, 'Each'),
('0 1/2', '001', 1, 4, 'Each'),
('0 3/4', '001', 2, 48, 'Each'),
('0001BBY4386', '002', 1, 660, 'Each'),
('01676W', '002', 12, 48, 'Carton'),
('02-00001', '007', 20, 7500, 'Case'),
('02469', '002', 6, 264, 'Each'),
('02650', '002', 8, 340, 'Each'),
('03-00300-1', '007', 41, 135, 'Each'),
('03-00301-1', '007', 16, 405, 'Each'),
('03-00306-1', '007', 57, 135, 'Each'),
('03-00307-1', '007', 17, 405, 'Each'),
('03-00318-1', '007', 80, 104, 'Each'),
('03-00319-1', '007', 22, 324, 'Each'),
('03-00327-1', '007', 4, 108, 'Each'),
('03-00328-1', '007', 3, 324, 'Each'),
('03483W', '002', 3, 24, 'Carton'),
('03615t', '002', 3, 1160, 'Each'),
('04067W', '002', 2, 141, 'Carton'),
('04173W', '002', 40, 54, 'Carton'),
('04174', '002', 4, 84, 'Carton'),
('04185W', '002', 5, 61, 'Carton'),
('04286W', '002', 7, 370, 'Carton'),
('10000155', '012', 170, 1, 'Pallet'),
('10000186', '012', 26, 1, 'Pallet'),
('10000489', '012', 137, 12, 'Roll'),
('10000562', '012', 23, 1, 'Pallet'),
('10000566', '012', 35, 16, 'Roll'),
('10000670', '012', 396, 1, 'Pallet'),
('10001183', '012', 18, 1, 'Each'),
('10001220', '012', 5, 18, 'Each'),
('10001251', '012', 17, 15, 'Carton'),
('10001379', '012', 6, 24, 'Carton'),
('10001382', '012', 82, 12, 'Each'),
('1000X12', '010', 4, 504, 'Each'),
('100x12', '010', 3, 504, 'Each'),
('100X3', '010', 3, 1008, 'Each'),
('103', '008', 2, 83, 'Case'),
('1056-3.75', '003', 3, 62, 'Each'),
('1100', '010', 2, 910, 'Each'),
('11000970', '012', 322, 2, 'Each'),
('11000988', '012', 46, 25, 'Each'),
('11000999', '012', 100, 10, 'Each'),
('11002215', '012', 82, 40, 'Each'),
('11002480', '012', 10, 5, 'Carton'),
('11002656', '012', 1, 24, 'Carton'),
('11002977', '012', 23, 60, 'Carton'),
('11015385', '012', 15, 4, 'Each'),
('11018031', '012', 2, 1, 'Carton'),
('11023564', '012', 224, 1, 'Roll'),
('11023684', '012', 144, 1, 'Roll'),
('11023863', '012', 20, 1, 'Roll'),
('11025545', '012', 21, 45, 'Case'),
('1156-5', '003', 1, 19, 'Each'),
('1156-G', '003', 6, 192, 'Each'),
('1157-G', '003', 1, 31, 'Each'),
('1157-Q', '003', 1, 26, 'Each'),
('1158-5', '003', 2, 35, 'Each'),
('1158-G', '003', 1, 32, 'Each'),
('1158-Q', '003', 1, 285, 'Each'),
('1169-5', '003', 1, 32, 'Each'),
('1200x12', '010', 4, 360, 'Each'),
('1200X3', '010', 1, 59, 'Each'),
('12342-2', '008', 7, 270, 'Bag'),
('12345-4', '008', 39, 60, 'Case'),
('12345-7', '008', 22, 120, 'Case'),
('12349-6', '008', 2, 120, 'Case'),
('12355-7', '008', 1, 93, 'Case'),
('12367-9', '008', 1, 119, 'Case'),
('1250 x12', '010', 1, 146, 'Each'),
('125x12', '010', 2, 424, 'Each'),
('13017-400', '002', 3, 840, 'Each'),
('13740', '002', 7, 2160, 'Each'),
('14x10 Cor', '007', 30, 1, 'Pallet'),
('1500', '010', 1, 492, 'Each'),
('151800', '012', 10, 1, 'Pallet'),
('152760WS', '012', 1, 20, 'Pallet'),
('153311W', '012', 50, 80, 'Roll'),
('15724', '002', 22, 96, 'Each'),
('15776', '002', 48, 108, 'Each'),
('15824', '002', 26, 180, 'Each'),
('15876', '002', 50, 210, 'Each'),
('15976', '002', 78, 108, 'Each'),
('1600x12', '010', 3, 324, 'Each'),
('1624 BACK', '011', 1, 1, 'Pallet'),
('1624 BEZEL WHITE', '011', 1, 1, 'Pallet'),
('1648 BACK', '011', 4, 1, 'Pallet'),
('1648 BEZEL WHITE', '011', 8, 1, 'Pallet'),
('1648 CL-5MB-Backs', '011', 5, 1, 'Pallet'),
('1648CL-5MB-White', '011', 10, 1, 'Pallet'),
('1676-MOLD XP18', '013', 12, 1, 'Pallet'),
('18x12x16 Corr', '007', 9, 1, 'Pallet'),
('1KH', '006', 10, 27360, 'Tube'),
('1KR', '006', 7, 27360, 'Tube'),
('1MR', '006', 1, 25460, 'Pallet'),
('1WH', '006', 15, 27360, 'Tube'),
('1WR', '006', 19, 27360, 'Tube'),
('200000-C-028', '005', 3, 16250, 'Each'),
('200000-S-500', '005', 28, 1, 'Pallet'),
('20009-4', '008', 1, 17, 'Case'),
('200X12', '010', 7, 576, 'Each'),
('200X3', '010', 4, 1632, 'Each'),
('205300C', '002', 1, 240, 'Each'),
('216180-C-011', '005', 2, 1320, 'Each'),
('216180-K-074', '005', 1, 2, 'Each'),
('216180-K-075', '005', 1, 46, 'Each'),
('216180-S-057', '005', 6, 112, 'Each'),
('216180-S-058', '005', 4, 52, 'Each'),
('216180-S-068', '005', 1, 2, 'Each'),
('217009-F-003', '005', 2, 9, 'Each'),
('217128K-211', '005', 6, 1, 'Pallet'),
('217230-C-005', '005', 5, 44, 'Each'),
('217230-C-005 X10', '005', 7, 560, 'Each'),
('217230-C-005 X2', '005', 2, 136, 'Each'),
('217230-C-006', '005', 3, 2640, 'Each'),
('217230-S-002', '005', 28, 36, 'Each'),
('217230-S-002X4', '005', 1, 8, 'Each'),
('217272-C-002', '005', 3, 308, 'Each'),
('217336-K-041', '005', 3, 167, 'Carton'),
('217385-C-808', '005', 8, 1, 'Pallet'),
('217385-F-010', '005', 4, 15, 'Carton'),
('217385-S-327', '005', 1, 1, 'Pallet'),
('218001-F-013', '005', 3, 20, 'Carton'),
('218020-C-004', '005', 2, 35, 'Carton'),
('218020-C-005', '005', 3, 30, 'Carton'),
('218020-C-006', '005', 2, 25, 'Carton'),
('218020-K-002', '005', 33, 16, 'Carton'),
('218020-K-004', '005', 8, 20, 'Carton'),
('218020-K-005', '005', 15, 40, 'Carton'),
('218020-K-008', '005', 38, 14, 'Carton'),
('218182-C-852', '005', 8, 1, 'Pallet'),
('218182-C-856', '005', 7, 1, 'Pallet'),
('218182-C-857', '005', 12, 1, 'Pallet'),
('218182-C-858', '005', 8, 1, 'Pallet'),
('218182-C-860', '005', 4, 1, 'Pallet'),
('218187-F-006', '005', 3, 6, 'Carton'),
('218248-C-056', '005', 1, 14, 'Each'),
('218267-F-001', '005', 3, 11, 'Each'),
('218268', '005', 7, 1, 'Pallet'),
('218268-F-002', '005', 2, 40, 'Carton'),
('218276-S-008', '005', 2, 1, 'Pallet'),
('219054-F-001', '005', 11, 52, 'Carton'),
('219203-F-001', '005', 1, 0, 'Carton'),
('220007-5-050', '005', 4, 1, 'Pallet'),
('22009-I04', '002', 5, 864, 'Each'),
('22010-I04', '002', 6, 864, 'Each'),
('220121-C-087', '005', 1, 200, 'Carton'),
('220121-C-093', '005', 3, 72, 'Each'),
('220121-C-094', '005', 12, 68, 'Each'),
('220121-C-258', '005', 1, 150, 'Carton'),
('220121-C-266', '005', 2, 150, 'Carton'),
('220121-C-272', '005', 1, 281, 'Carton'),
('22013-200', '002', 6, 648, 'Each'),
('22032-200', '002', 3, 0, 'Each'),
('22040-200', '002', 50, 576, 'Each'),
('221040-C-067/068/069', '005', 5, 1, 'Pallet'),
('221040-F-001', '005', 13, 1, 'Pallet'),
('221040-S-001', '005', 6, 1, 'Pallet'),
('221040-S-002', '005', 6, 1, 'Pallet'),
('221065-F-002', '005', 4, 6, 'Each'),
('221083-F-001', '005', 4, 10, 'Carton'),
('221096-F-001', '005', 17, 0, 'Pallet'),
('225x12', '010', 5, 504, 'Each'),
('22670', '002', 48, 144, 'Each'),
('22942-400', '002', 4, 624, 'Each'),
('236109', '006', 28, 1, 'Pallet'),
('24003-999', '002', 2, 1008, 'Each'),
('24004-999', '002', 1, 29, 'Each'),
('25600', '002', 2, 72, 'Each'),
('27007-200', '002', 8, 612, 'Each'),
('27008-200', '002', 6, 648, 'Each'),
('300X12', '010', 1, 162, 'Each'),
('37510', '002', 4, 510, 'Each'),
('400x12', '010', 3, 552, 'Each'),
('42134', '013', 1, 1, 'Pallet'),
('44004-500', '002', 2, 1296, 'Each'),
('46310', '002', 14, 1560, 'Each'),
('500', '010', 1, 1464, 'Each'),
('51050', '002', 1, 31512, 'Each'),
('53300', '002', 3, 720, 'Each'),
('55000-300', '002', 3, 340, 'Each'),
('55001-400', '002', 6, 340, 'Each'),
('56004-300', '002', 3, 2400, 'Each'),
('56005-200', '002', 1, 3144, 'Each'),
('56006-201', '002', 2, 3198, 'Each'),
('5KH', '006', 11, 3360, 'Tube'),
('5KR', '006', 11, 3360, 'Tube'),
('5WH', '006', 37, 3360, 'Tube'),
('5WR', '006', 32, 3360, 'Tube'),
('600', '010', 2, 353, 'Each'),
('610', '010', 2, 264, 'Each'),
('620', '010', 1, 264, 'Each'),
('630', '010', 1, 240, 'Each'),
('63470', '002', 3, 828, 'Each'),
('64677', '002', 1, 336, 'Each'),
('65078', '002', 5, 576, 'Each'),
('65210', '002', 29, 432, 'Each'),
('65278', '002', 3, 336, 'Each'),
('66400', '002', 2, 2160, 'Each'),
('66477', '002', 1, 468, 'Each'),
('7000X12', '010', 5, 576, 'Each'),
('7000X3', '010', 4, 1440, 'Each'),
('700x12', '010', 4, 1080, 'Each'),
('7200X12', '010', 4, 576, 'Each'),
('7200x3', '010', 2, 2016, 'Each'),
('7250X3', '010', 2, 2400, 'Each'),
('7400 x12', '010', 1, 396, 'Each'),
('7400x3', '010', 1, 240, 'Each'),
('74471', '002', 2, 1320, 'Each'),
('74571', '002', 2, 12, 'Each'),
('7500X3', '010', 2, 1008, 'Each'),
('7600X3', '010', 5, 2304, 'Each'),
('7800 x12', '010', 1, 348, 'Each'),
('7800x3', '010', 1, 384, 'Each'),
('78551000015', '008', 13, 50, 'Case'),
('7900 x3', '010', 2, 624, 'Each'),
('80-12066C', '002', 1, 42, 'Each'),
('80-15750', '002', 5, 318, 'Each'),
('80-3862', '002', 2, 1044, 'Each'),
('80-4555C', '002', 1, 84, 'Each'),
('80-5101P', '002', 6, 672, 'Each'),
('8000x12', '010', 11, 648, 'Each'),
('81-12059C', '002', 8, 360, 'Each'),
('81-17078', '002', 3, 1152, 'Each'),
('81-18945', '002', 31, 192, 'Each'),
('81-20368', '002', 4, 528, 'Each'),
('81-20382', '002', 6, 720, 'Each'),
('81-20399', '002', 3, 1224, 'Each'),
('81-20436', '002', 3, 972, 'Each'),
('81-22454', '002', 4, 972, 'Each'),
('81-22485', '002', 4, 1584, 'Each'),
('81-22881', '002', 2, 1800, 'Each'),
('81-22904', '002', 11, 160, 'Each'),
('81-23222', '002', 1, 1404, 'Each'),
('81-23260', '002', 1, 576, 'Each'),
('81-23277', '002', 2, 612, 'Each'),
('81-26148', '002', 1, 150, 'Each'),
('81-28388', '002', 5, 1080, 'Each'),
('81-28395', '002', 3, 1080, 'Each'),
('81-2968', '002', 25, 340, 'Each'),
('81-30237', '002', 1, 1620, 'Each'),
('81-3316', '002', 20, 272, 'Each'),
('81-3323', '002', 3, 380, 'Each'),
('81-3330', '002', 20, 324, 'Each'),
('81-33825', '002', 8, 2400, 'Each'),
('81-34112', '002', 3, 1224, 'Each'),
('81-34129', '002', 4, 1080, 'Each'),
('81-34259', '002', 10, 120, 'Each'),
('81-34440', '002', 9, 1248, 'Each'),
('81-35058', '002', 1, 2088, 'Each'),
('81-3804', '002', 1, 816, 'Each'),
('81-7888', '002', 1, 108, 'Each'),
('81-7956', '002', 1, 1044, 'Each'),
('81-8168', '002', 1, 720, 'Each'),
('8100', '010', 6, 3264, 'Each'),
('8100X3', '010', 1, 288, 'Each'),
('82209', '002', 4, 336, 'Each'),
('84692-0', '008', 5, 0, 'Carton'),
('84692-6', '008', 24, 126, 'Case'),
('85176', '002', 3, 1104, 'Each'),
('86075', '002', 1, 222, 'Each'),
('86124-4', '002', 8, 496, 'Each'),
('86175', '002', 14, 360, 'Each'),
('86375', '002', 8, 270, 'Each'),
('86376', '002', 11, 270, 'Each'),
('8800', '010', 1, 264, 'Each'),
('88276', '002', 3, 324, 'Each'),
('88376', '002', 31, 252, 'Each'),
('9082-P', '003', 1, 308, 'Each'),
('9082-Q', '003', 1, 95, 'Each'),
('9091-G', '003', 2, 39, 'Each'),
('9091-P', '003', 1, 19, 'Each'),
('9091-Q', '003', 1, 4, 'Each'),
('9092-G', '003', 2, 4, 'Each'),
('9092-P', '003', 3, 1000, 'Each'),
('9092-Q', '003', 2, 96, 'Each'),
('9093-P', '003', 3, 94, 'Each'),
('9093-Q', '003', 2, 88, 'Each'),
('9095-2.5', '003', 3, 284, 'Each'),
('9100', '010', 1, 9, 'Each'),
('9100 x24', '010', 2, 3024, 'Each'),
('91124', '002', 1, 18, 'Each'),
('9201-3.75', '003', 2, 14, 'Each'),
('9202-3.75', '003', 1, 144, 'Each'),
('9203-3.75', '003', 2, 160, 'Each'),
('9204-3.75', '003', 3, 210, 'Each'),
('9205-3.75', '003', 6, 144, 'Each'),
('9206-3.75', '003', 1, 129, 'Each'),
('9208-001', '003', 1, 163, 'Each'),
('9213-001', '003', 2, 136, 'Each'),
('9215-001', '003', 3, 509, 'Each'),
('9217-001', '003', 1, 8, 'Each'),
('9218-001', '003', 1, 312, 'Each'),
('9219-001', '003', 1, 104, 'Each'),
('9221-001', '003', 1, 9, 'Each'),
('9222-001', '003', 3, 498, 'Each'),
('9223-001', '003', 2, 526, 'Each'),
('9224-001', '003', 2, 422, 'Each'),
('9225-001', '003', 1, 84, 'Each'),
('9225-3.75', '003', 1, 47, 'Each'),
('9226-001', '003', 1, 4, 'Each'),
('9227-001', '003', 1, 325, 'Each'),
('9228-001', '003', 1, 264, 'Each'),
('9229-001', '003', 2, 217, 'Each'),
('9232-001', '003', 3, 509, 'Each'),
('9233-001', '003', 2, 452, 'Each'),
('9235-001', '003', 1, 211, 'Each'),
('9237-0.5', '003', 1, 634, 'Each'),
('9240-001', '003', 1, 90, 'Each'),
('9241-001', '003', 1, 251, 'Each'),
('9245-001', '003', 2, 270, 'Each'),
('9248-001', '003', 2, 287, 'Each'),
('9250-001', '003', 3, 374, 'Each'),
('9252-001', '003', 1, 78, 'Each'),
('9254-001', '003', 2, 350, 'Each'),
('9255-0.5', '003', 1, 277, 'Each'),
('9257-0.5', '003', 1, 51, 'Each'),
('9258-0.5', '003', 3, 396, 'Each'),
('9261-0.5', '003', 1, 242, 'Each'),
('9266-0.5', '003', 3, 592, 'Each'),
('9268-001', '003', 1, 13, 'Each'),
('9269-001', '003', 1, 8, 'Each'),
('9270-3.75', '003', 3, 158, 'Each'),
('9270-5', '003', 2, 36, 'Each'),
('9271-3.75', '003', 2, 119, 'Each'),
('9276-001', '003', 1, 6, 'Each'),
('9282-001', '003', 1, 137, 'Each'),
('9299-3.75', '003', 1, 12, 'Each'),
('9302-001', '003', 1, 207, 'Each'),
('9302-3.75', '003', 2, 102, 'Each'),
('9306-0.5', '003', 1, 38, 'Each'),
('9310-001', '003', 2, 301, 'Each'),
('9311-001', '003', 3, 609, 'Each'),
('9312-001', '003', 1, 272, 'Each'),
('9313-001', '003', 1, 411, 'Each'),
('9314-001', '003', 1, 21, 'Each'),
('9315-001', '003', 1, 452, 'Each'),
('9316-001', '003', 4, 630, 'Each'),
('9317-0.5', '003', 1, 5, 'Each'),
('9318-0.5', '003', 1, 3, 'Each'),
('9319-0.5', '003', 7, 512, 'Each'),
('9320-001', '003', 3, 540, 'Each'),
('9336-G', '003', 1, 35, 'Each'),
('9336-Q', '003', 1, 52, 'Each'),
('9337-G', '003', 2, 43, 'Each'),
('9337-Q', '003', 1, 2, 'Each'),
('9338-G', '003', 1, 73, 'Each'),
('9338-Q', '003', 1, 63, 'Each'),
('9341-G', '003', 1, 59, 'Each'),
('9347-G', '003', 1, 3, 'Each'),
('96570', '002', 1, 384, 'Each'),
('9700-G', '003', 2, 78, 'Each'),
('9701-G', '003', 4, 192, 'Each'),
('9701-Q', '003', 1, 50, 'Each'),
('9702-G', '003', 1, 61, 'Each'),
('9704-G', '003', 1, 8, 'Each'),
('9706-005', '003', 5, 144, 'Each'),
('9707-005', '003', 1, 52, 'Each'),
('99-00058', '007', 50, 1192, 'Lbs'),
('A15376', '002', 4, 18, 'Each'),
('A15676', '002', 10, 40, 'Each'),
('A17110', '002', 10, 176, 'Each'),
('A22020-200', '002', 10, 480, 'Each'),
('A22476', '002', 5, 3072, 'Each'),
('A22576', '002', 1, 0, 'Each'),
('A23276', '002', 2, 360, 'Each'),
('A23376', '002', 7, 162, 'Each'),
('A23450', '002', 4, 210, 'Each'),
('A23950', '002', 3, 0, 'Each'),
('A24250', '002', 16, 462, 'Each'),
('A24376', '002', 57, 144, 'Each'),
('A26550', '002', 8, 240, 'Each'),
('A28377', '002', 1, 384, 'Each'),
('A28800', '002', 96, 192, 'Each'),
('A28810', '002', 33, 192, 'Each'),
('A28824', '002', 14, 264, 'Each'),
('A28878', '002', 59, 192, 'Each'),
('A58376C', '002', 1, 12, 'Each'),
('A63776', '002', 8, 48, 'Each'),
('A75076', '002', 3, 160, 'Each'),
('A93313', '002', 13, 84, 'Each'),
('AB10-S', '010', 2, 248, 'Each'),
('AB10/20S', '010', 4, 315, 'Each'),
('AB2-S', '010', 9, 900, 'Each'),
('AB3/6-S', '010', 6, 1300, 'Each'),
('AB4/8', '010', 5, 816, 'Each'),
('AB4/8-S', '010', 3, 800, 'Each'),
('AB5/10S', '010', 8, 756, 'Each'),
('AB6/12S', '010', 2, 540, 'Each'),
('AB8-S', '010', 9, 378, 'Each'),
('BDRD01-G', '003', 1, 76, 'Each'),
('BDRD02-G', '003', 1, 153, 'Each'),
('Blue Boxes', '012', 21, 1, 'Pallet'),
('BP40', '012', 12, 1, 'Roll'),
('Brown Corrugated', '008', 14, 1, 'Pallet'),
('BULLNOSE SHELF W 11 HOOKS', '005', 1, 126, 'Carton'),
('BULLNOSE SHELF W 6 HOOKS 3 PEG', '005', 1, 126, 'Carton'),
('BULLNOSE SHELF W 7 HOOKS AND 3', '005', 1, 63, 'Carton'),
('BULLNOSE SHELF W 8 HOOKS', '005', 1, 63, 'Carton'),
('BULLNOSE SHELF W 8 HOOKS 3 PEG', '005', 1, 63, 'Carton'),
('BULLNOSE SHELF W 8/6 HOOKS', '005', 1, 126, 'Carton'),
('BULLNOSE SHELF W SKIN CARE', '005', 2, 136, 'Carton'),
('BULLNOSE W 6 HOOKS', '005', 1, 126, 'Carton'),
('C00253360', '012', 6, 1, 'Pallet'),
('C00272360S', '012', 1, 1, 'Pallet'),
('CAN1KH', '006', 3, 27360, 'Tube'),
('CAN1KR', '006', 3, 27360, 'Tube'),
('CAN1WH', '006', 4, 27360, 'Tube'),
('CAN1WR', '006', 4, 27360, 'Tube'),
('CL36-BL', '010', 3, 1516, 'Each'),
('CL48-BL', '010', 1, 792, 'Each'),
('Control Panels', '012', 1, 1, 'Pallet'),
('CORROGATED - 80-0079', '007', 28, 250, 'Each'),
('Corrugated', '012', 9, 1, 'Pallet'),
('Corrugated lg', '008', 31, 1, 'Case'),
('Corrugated med', '008', 29, 1, 'Case'),
('Corrugated sm', '008', 17, 1, 'Case'),
('Corrugated xlg', '008', 11, 1, 'Case'),
('CR22ACC-P', '003', 1, 24, 'Each'),
('CR22AF-Q', '003', 1, 177, 'Each'),
('CR22AM-Q', '003', 1, 53, 'Each'),
('CR22FEE-P', '003', 1, 229, 'Each'),
('CRV22-G', '003', 4, 192, 'Carton'),
('cups', '008', 3, 900, 'Bag'),
('DS-0541', '012', 3, 10, 'Each'),
('DS-0596', '012', 2, 2, 'Each'),
('DS-5144', '012', 3, 1, 'Pallet'),
('DS-5174', '012', 1, 1, 'Pallet'),
('DSCK8', '004', 23, 1, 'Pallet'),
('EMPTY CRATE', '012', 6, 1, 'Crate'),
('EZ317AN-Q', '003', 1, 4, 'Each'),
('EZ543-Q', '003', 1, 117, 'Carton'),
('EZ600B-Q', '003', 3, 227, 'Each'),
('EZ601A-G', '003', 1, 30, 'Each'),
('EZ603A-G', '003', 2, 28, 'Each'),
('F', '001', 1, 17, 'Each'),
('FF', '001', 1, 44, 'Each'),
('FFF', '001', 1, 4, 'Each'),
('FP-0508', '012', 1, 1, 'Pallet'),
('FP-0537', '012', 1, 1, 'Pallet'),
('FPSL2N STAND AND FRAME', '012', 7, 1, 'Pallet'),
('Frames', '012', 4, 1, 'Pallet'),
('Gaylords', '005', 12, 1, 'Pallet'),
('GB10C', '007', 31, 114, 'Carton'),
('GB10S', '007', 329, 83, 'Carton'),
('GB150', '007', 4, 168, 'Each'),
('GB250', '007', 96, 24, 'Each'),
('GB251', '007', 124, 24, 'Each'),
('GB40', '007', 71, 768, 'Each'),
('GB70', '007', 2, 240, 'Each'),
('GBC013', '007', 86, 288, 'Each'),
('GBC014', '007', 165, 160, 'Each'),
('GBC015', '007', 145, 100, 'Each'),
('GBX45', '007', 6, 630, 'Each'),
('GBX55', '007', 43, 540, 'Each'),
('GBX75', '007', 84, 280, 'Each'),
('GC040', '007', 164, 160, 'Each'),
('GCOA-006-OH', '014', 19, 8, 'Carton'),
('GEAMIN3', '012', 1, 5, 'Carton'),
('Geamin4', '012', 3, 21, 'Carton'),
('GEN 5X2', '007', 30, 160, 'Each'),
('GEN 5X3', '007', 110, 160, 'Each'),
('GEN PRO 10X3', '007', 31, 100, 'Each'),
('GEN PRO 10X4', '007', 48, 90, 'Each'),
('GENIUS 1', '007', 512, 480, 'Each'),
('GENIUS 10', '007', 30, 280, 'Each'),
('GENIUS 2', '007', 167, 480, 'Each'),
('GENIUS 2X2', '007', 68, 264, 'Each'),
('GENIUS 2X4', '007', 107, 176, 'Each'),
('GENIUS 5', '007', 279, 336, 'Each'),
('GENIUS PRO 25', '007', 256, 32, 'Each'),
('GENIUS PRO 50', '007', 272, 24, 'Each'),
('GER1KH', '006', 1, 27360, 'Pallet'),
('GER1KR', '006', 1, 27360, 'Pallet'),
('GER1WH', '006', 2, 27360, 'Tube'),
('GER1WR', '006', 2, 27360, 'Pallet'),
('GWR400', '012', 38, 12, 'Roll'),
('GWR402B1', '012', 12, 36, 'Carton'),
('HEADER FRAME KIT', '005', 5, 220, 'Carton'),
('Header Graphic', '005', 1, 1, 'Pallet'),
('HM3-4022-OH', '014', 1, 90, 'Carton'),
('HV MACHINE AND PARTS', '012', 1, 1, 'Pallet'),
('JG1908-805', '010', 1, 760, 'Each'),
('JG1908-811', '010', 1, 1000, 'Each'),
('JG1908-813', '010', 1, 1000, 'Each'),
('JG1908-826', '010', 1, 960, 'Each'),
('JG6155-16', '010', 2, 500, 'Each'),
('JG6155-17', '010', 2, 500, 'Each'),
('JG6155-21', '010', 1, 500, 'Each'),
('JG6155-23', '010', 3, 340, 'Each'),
('JG6155-24', '010', 1, 200, 'Each'),
('JG8035-7810', '010', 1, 210, 'Each'),
('JG8035-7812', '010', 1, 210, 'Each'),
('JG8035-7821', '010', 1, 210, 'Each'),
('JG8035-7827', '010', 1, 210, 'Each'),
('KA-0026', '012', 1, 10, 'Pallet'),
('KA-0573', '012', 22, 4, 'Each'),
('KA-0683', '012', 6, 1, 'Pallet'),
('KA0030', '012', 10, 10, 'Each'),
('KLT18000507G5X306', '013', 7, 12, 'Roll'),
('KLTV13030505G', '013', 13, 9, 'Roll'),
('KP24B', '010', 1, 1792, 'Each'),
('KP24D', '010', 1, 1824, 'Each'),
('KP24L-3', '010', 2, 2688, 'Each'),
('KP24L-6', '010', 1, 40, 'Each'),
('KP35B', '010', 2, 576, 'Each'),
('KP35BB', '010', 1, 864, 'Each'),
('KP35BG', '010', 1, 928, 'Each'),
('KP35BW', '010', 1, 928, 'Each'),
('KP35D', '010', 1, 576, 'Each'),
('KP35DB', '010', 1, 928, 'Each'),
('KP35DG', '010', 1, 928, 'Each'),
('KP35DW', '010', 1, 928, 'Each'),
('KP35G', '010', 1, 640, 'Each'),
('KP35GB', '010', 1, 896, 'Each'),
('KP35GG', '010', 1, 928, 'Each'),
('KP35GW', '010', 1, 928, 'Each'),
('KP35L', '010', 1, 320, 'Each'),
('KP35LB', '010', 1, 928, 'Each'),
('KP35LG', '010', 1, 928, 'Each'),
('KP35LW', '010', 1, 928, 'Each'),
('KP50C', '012', 67, 2, 'Roll'),
('KS-0312', '012', 25, 10, 'Each'),
('KS0233', '012', 8, 28, 'Carton'),
('KS7006', '012', 8, 1, 'Each'),
('LITTLE DAVID', '012', 1, 1, 'Pallet'),
('MA-0602', '012', 13, 8, 'Carton'),
('MACHINES', '012', 2, 1, 'Pallet'),
('Misc Machine', '012', 13, 1, 'Pallet'),
('MP2175-2.5L', '003', 1, 2, 'Each'),
('MP2265-Q', '003', 2, 600, 'Each'),
('MP2275-Q', '003', 1, 98, 'Each'),
('MP2285-Q', '003', 1, 64, 'Each'),
('MP2445-Q', '003', 1, 153, 'Each'),
('MP2465-Q', '003', 1, 58, 'Each'),
('MP2475-Q', '003', 2, 501, 'Each'),
('MP4065-Q', '003', 1, 37, 'Each'),
('MP4075-Q', '003', 1, 139, 'Each'),
('MP4085-Q', '003', 3, 332, 'Each'),
('MUSTARG GALLON', '008', 8, 48, 'Case'),
('Noco Boost', '007', 3, 1, 'Pallet'),
('P-K50C', '012', 58, 2, 'Roll'),
('P-K50C15', '012', 27, 1, 'Roll'),
('PA3040E-G', '003', 3, 198, 'Each'),
('PAC11494', '012', 15, 12, 'Carton'),
('PC-0806', '012', 1, 1, 'Each'),
('PC-1013', '012', 1, 1, 'Pallet'),
('PC-1015', '012', 1, 1, 'Pallet'),
('PC-1074', '012', 1, 22, 'Each'),
('PC-1085', '012', 1, 6, 'Each'),
('PE1900-G', '003', 2, 18, 'Each'),
('PE2100-5L', '003', 2, 68, 'Each'),
('PE2200-G', '003', 2, 134, 'Each'),
('PE2400-G', '003', 29, 169, 'Each'),
('PE2442-G', '003', 2, 108, 'Each'),
('PE2600-5L', '003', 1, 1, 'Each'),
('PE4000-G', '003', 62, 156, 'Each'),
('PERFUME', '005', 12, 1, 'Pallet'),
('Plex Panels', '012', 1, 1, 'Pallet'),
('PPLC21', '012', 22, 4, 'Case'),
('PS3042-G', '003', 1, 78, 'Each'),
('PS3044-G', '003', 1, 2, 'Each'),
('PS5008B-Q', '003', 2, 95, 'Each'),
('PS5009A-G', '003', 1, 48, 'Each'),
('PSWP1', '012', 1, 1, 'Each'),
('Racking', '012', 5, 1, 'Pallet'),
('Red Corrugated', '008', 12, 1, 'Pallet'),
('Retro', '008', 4, 50, 'Carton'),
('RP-0161', '012', 3, 0, 'Roll'),
('RP-0201', '012', 2, 36, 'Roll'),
('SA-0510', '012', 9, 25, 'Each'),
('Samples', '008', 1, 16, 'Carton'),
('SIngle Serve Mustard', '008', 18, 120, 'Carton'),
('SW5001.EC0001', '012', 1, 1, 'Each'),
('TH0605-G', '003', 3, 4, 'Each'),
('TH07160-G', '003', 2, 192, 'Each'),
('TH07175-G', '003', 1, 26, 'Each'),
('TH07175-Q', '003', 1, 81, 'Each'),
('TH07185-G', '003', 2, 92, 'Each'),
('TH0860-5', '003', 2, 4, 'Each'),
('TH0870-G', '003', 1, 4, 'Each'),
('TH0885-G', '003', 3, 22, 'Each'),
('TH0895-G', '003', 2, 42, 'Each'),
('TH5950-G', '003', 1, 32, 'Each'),
('TV8901 005', '009', 4, 17, 'Each'),
('Ultra Pozz', '001', 1, 27, 'Each'),
('UNPK-TGUN.3-OH', '014', 1, 6, 'Each'),
('Urn', '008', 2, 12, 'Each'),
('WHITE 5 GAL', '009', 7, 24, 'Pail'),
('WPCHCKORG4', '004', 11, 6000, 'Each'),
('WPCHCKWHT7', '004', 30, 3840, 'Each'),
('WPCHRED4', '004', 40, 6000, 'Each'),
('WPCHWHT2', '004', 16, 12000, 'Each'),
('WPCHWHT4-SP', '004', 35, 7200, 'Each'),
('WR2436.12 5.55.25HMLE', '013', 30, 5, 'Roll'),
('WR2448.25 5.55.25', '013', 191, 5, 'Roll'),
('WRAPPAKEX-BM', '012', 23, 40, 'Carton'),
('XGC4', '007', 43, 288, 'Each'),
('YELLOW 5 GAL', '009', 11, 24, 'Pail');

-- --------------------------------------------------------

--
-- Table structure for table `shipment_received`
--

CREATE TABLE `shipment_received` (
  `Receipt_ID` varchar(10) NOT NULL,
  `SKU` varchar(30) NOT NULL,
  `Count` int(11) NOT NULL,
  `Customer_ID` varchar(10) NOT NULL,
  `Date` date NOT NULL,
  `Entered_by` varchar(20) NOT NULL
) ENGINE=InnoDB DEFAULT CHARSET=utf8mb4;

-- --------------------------------------------------------

--
-- Table structure for table `warehouse`
--

CREATE TABLE `warehouse` (
  `Warehouse_name` varchar(35) NOT NULL,
  `Warehouse_ID` varchar(10) NOT NULL,
  `Address` varchar(255) NOT NULL,
  `Phone_num` varchar(15) NOT NULL
) ENGINE=InnoDB DEFAULT CHARSET=utf8mb4;

--
-- Dumping data for table `warehouse`
--

INSERT INTO `warehouse` (`Warehouse_name`, `Warehouse_ID`, `Address`, `Phone_num`) VALUES
('HQWarehouse', '001', '22801 Aurora Rd Suite 1, Bedford Heights, OH 44146', '216-378-7100'),
('Euclid Warehouse', '002', '\'', '\'');

--
-- Indexes for dumped tables
--

--
-- Indexes for table `customer`
--
ALTER TABLE `customer`
  ADD PRIMARY KEY (`Customer_ID`);

--
-- Indexes for table `emp_information`
--
ALTER TABLE `emp_information`
  ADD PRIMARY KEY (`Emp_ID`);

--
-- Indexes for table `location`
--
ALTER TABLE `location`
  ADD PRIMARY KEY (`Location_num`,`SKU`);

--
-- Indexes for table `pick`
--
ALTER TABLE `pick`
  ADD PRIMARY KEY (`Transaction_ID`,`SKU`),
  ADD KEY `Pick_Customer` (`Customer_ID`),
  ADD KEY `Pick_Product` (`SKU`),
  ADD KEY `Pick_Received_Emp_information` (`Entered_by`);

--
-- Indexes for table `product`
--
ALTER TABLE `product`
  ADD PRIMARY KEY (`SKU`),
  ADD KEY `Product_Customer` (`Customer_ID`);

--
-- Indexes for table `shipment_received`
--
ALTER TABLE `shipment_received`
  ADD PRIMARY KEY (`Receipt_ID`,`SKU`),
  ADD KEY `Shipment_received_Customer` (`Customer_ID`),
  ADD KEY `Shipment_received_Emp_information` (`Entered_by`),
  ADD KEY `Shipment_received_Product` (`SKU`);

--
-- Indexes for table `warehouse`
--
ALTER TABLE `warehouse`
  ADD PRIMARY KEY (`Warehouse_ID`);

--
-- Constraints for dumped tables
--

--
-- Constraints for table `pick`
--
ALTER TABLE `pick`
  ADD CONSTRAINT `Pick_Customer` FOREIGN KEY (`Customer_ID`) REFERENCES `customer` (`Customer_ID`),
  ADD CONSTRAINT `Pick_Product` FOREIGN KEY (`SKU`) REFERENCES `product` (`SKU`),
  ADD CONSTRAINT `Pick_Received_Emp_information` FOREIGN KEY (`Entered_by`) REFERENCES `emp_information` (`Emp_ID`);

--
-- Constraints for table `product`
--
ALTER TABLE `product`
  ADD CONSTRAINT `Product_Customer` FOREIGN KEY (`Customer_ID`) REFERENCES `customer` (`Customer_ID`);

--
-- Constraints for table `shipment_received`
--
ALTER TABLE `shipment_received`
  ADD CONSTRAINT `Shipment_received_Customer` FOREIGN KEY (`Customer_ID`) REFERENCES `customer` (`Customer_ID`),
  ADD CONSTRAINT `Shipment_received_Emp_information` FOREIGN KEY (`Entered_by`) REFERENCES `emp_information` (`Emp_ID`),
  ADD CONSTRAINT `Shipment_received_Product` FOREIGN KEY (`SKU`) REFERENCES `product` (`SKU`);
COMMIT;

/*!40101 SET CHARACTER_SET_CLIENT=@OLD_CHARACTER_SET_CLIENT */;
/*!40101 SET CHARACTER_SET_RESULTS=@OLD_CHARACTER_SET_RESULTS */;
/*!40101 SET COLLATION_CONNECTION=@OLD_COLLATION_CONNECTION */;
